route_number,origin,destination,stop_sequence,stop_name
DD1,Bhubaneswar Railway Station,Jagannath Ballav Parking,1,Bhubaneswar Railway Station
DD1,Bhubaneswar Railway Station,Jagannath Ballav Parking,2,Raj Mahal Square
DD1,Bhubaneswar Railway Station,Jagannath Ballav Parking,3,State Museum
DD1,Bhubaneswar Railway Station,Jagannath Ballav Parking,4,Ravi Talkies
DD1,Bhubaneswar Railway Station,Jagannath Ballav Parking,5,Dhauli Square
DD1,Bhubaneswar Railway Station,Jagannath Ballav Parking,6,Uttara Square
DD1,Bhubaneswar Railway Station,Jagannath Ballav Parking,7,Pipili Bypass
DD1,Bhubaneswar Railway Station,Jagannath Ballav Parking,8,Pipili Over Bridge Square
DD1,Bhubaneswar Railway Station,Jagannath Ballav Parking,9,Satasankha
DD1,Bhubaneswar Railway Station,Jagannath Ballav Parking,10,Sakhigopal
DD1,Bhubaneswar Railway Station,Jagannath Ballav Parking,11,Jagannath Ballav Parking
9 UP,Bhubaneswar Railway Station,Patia Square,1,Bhubaneswar Rly. Stn.
9 UP,Bhubaneswar Railway Station,Patia Square,2,Master Canteen (Janpath)
9 UP,Bhubaneswar Railway Station,Patia Square,3,Abhin Chandra Homoeopathic Hospital
9 UP,Bhubaneswar Railway Station,Patia Square,4,OSSA House
9 UP,Bhubaneswar Railway Station,Patia Square,5,Keshari Talkies
9 UP,Bhubaneswar Railway Station,Patia Square,6,Housing Board Sq.
9 UP,Bhubaneswar Railway Station,Patia Square,7,Xavier Sq.
9 UP,Bhubaneswar Railway Station,Patia Square,8,Rotary Bhawan
9 UP,Bhubaneswar Railway Station,Patia Square,9,Nico Park Sq.
9 UP,Bhubaneswar Railway Station,Patia Square,10,Ananda Bazaar
9 UP,Bhubaneswar Railway Station,Patia Square,11,Acharya Vihar Sq.
9 UP,Bhubaneswar Railway Station,Patia Square,12,IMMT
9 UP,Bhubaneswar Railway Station,Patia Square,13,Jaydev Vihar Sq.
9 UP,Bhubaneswar Railway Station,Patia Square,14,Pal Heights
9 UP,Bhubaneswar Railway Station,Patia Square,15,Mayfair Road
9 UP,Bhubaneswar Railway Station,Patia Square,16,Janata Maidan
9 UP,Bhubaneswar Railway Station,Patia Square,17,Xavier Sq.
9 UP,Bhubaneswar Railway Station,Patia Square,18,Fortune Tower
9 UP,Bhubaneswar Railway Station,Patia Square,19,Kalinga Hospital Sq.
9 UP,Bhubaneswar Railway Station,Patia Square,20,Rail Sadan
9 UP,Bhubaneswar Railway Station,Patia Square,21,Omfed Sq.
9 UP,Bhubaneswar Railway Station,Patia Square,22,BDA Colony
9 UP,Bhubaneswar Railway Station,Patia Square,23,Care Hospital
9 UP,Bhubaneswar Railway Station,Patia Square,24,Lumbini Vihar
9 UP,Bhubaneswar Railway Station,Patia Square,25,Budha Park
9 UP,Bhubaneswar Railway Station,Patia Square,26,Isaneswar Temple
9 UP,Bhubaneswar Railway Station,Patia Square,27,Defence Colony
9 UP,Bhubaneswar Railway Station,Patia Square,28,Utkal Hospital
9 UP,Bhubaneswar Railway Station,Patia Square,29,Niladri Vihar Basti
9 UP,Bhubaneswar Railway Station,Patia Square,30,Power Grid Sq.
9 UP,Bhubaneswar Railway Station,Patia Square,31,Niladri Vihar Hanuman Temple
9 UP,Bhubaneswar Railway Station,Patia Square,32,Kailash Vihar
9 UP,Bhubaneswar Railway Station,Patia Square,33,Sai Enclave
9 UP,Bhubaneswar Railway Station,Patia Square,34,Trident College
9 UP,Bhubaneswar Railway Station,Patia Square,35,Infocity Sq.
9 UP,Bhubaneswar Railway Station,Patia Square,36,DLF Cyber City
9 UP,Bhubaneswar Railway Station,Patia Square,37,Silicon College
9 UP,Bhubaneswar Railway Station,Patia Square,38,Shikharchandi
9 UP,Bhubaneswar Railway Station,Patia Square,39,KIMS Hospital
9 UP,Bhubaneswar Railway Station,Patia Square,40,LV Prasad Hospital
9 UP,Bhubaneswar Railway Station,Patia Square,41,Sai International School
9 UP,Bhubaneswar Railway Station,Patia Square,42,CIPET
9 UP,Bhubaneswar Railway Station,Patia Square,43,Koustav College
9 UP,Bhubaneswar Railway Station,Patia Square,44,Patia Sq.
10,"Manu University, Cuttack",Biju Patnaik Intl. Airport,1,Manu University (Cuttack)
10,"Manu University, Cuttack",Biju Patnaik Intl. Airport,2,Biju Patnaik Park (Cuttack)
10,"Manu University, Cuttack",Biju Patnaik Intl. Airport,3,State Bank Square (CDA)
10,"Manu University, Cuttack",Biju Patnaik Intl. Airport,4,Justice Square
10,"Manu University, Cuttack",Biju Patnaik Intl. Airport,5,Saraswati Shisu Mandir
10,"Manu University, Cuttack",Biju Patnaik Intl. Airport,6,Raj Kishor Marg
10,"Manu University, Cuttack",Biju Patnaik Intl. Airport,7,CDA 9 Market Square
10,"Manu University, Cuttack",Biju Patnaik Intl. Airport,8,CDA 6 Park
10,"Manu University, Cuttack",Biju Patnaik Intl. Airport,9,Eye Hospital Square
10,"Manu University, Cuttack",Biju Patnaik Intl. Airport,10,Sati Choura Square
10,"Manu University, Cuttack",Biju Patnaik Intl. Airport,11,Dagarpada Road
10,"Manu University, Cuttack",Biju Patnaik Intl. Airport,12,Judicial Academy
10,"Manu University, Cuttack",Biju Patnaik Intl. Airport,13,Kunheipara
10,"Manu University, Cuttack",Biju Patnaik Intl. Airport,14,Trisulia Square
10,"Manu University, Cuttack",Biju Patnaik Intl. Airport,15,Mandakini Resorts
10,"Manu University, Cuttack",Biju Patnaik Intl. Airport,16,Madhuban
10,"Manu University, Cuttack",Biju Patnaik Intl. Airport,17,Bachhipur
10,"Manu University, Cuttack",Biju Patnaik Intl. Airport,18,Barang Block
10,"Manu University, Cuttack",Biju Patnaik Intl. Airport,19,Barang P.S.
10,"Manu University, Cuttack",Biju Patnaik Intl. Airport,20,Barang
10,"Manu University, Cuttack",Biju Patnaik Intl. Airport,21,Nandankanan
10,"Manu University, Cuttack",Biju Patnaik Intl. Airport,22,Nandankanan High School
10,"Manu University, Cuttack",Biju Patnaik Intl. Airport,23,Dauladei Temple
10,"Manu University, Cuttack",Biju Patnaik Intl. Airport,24,Raghunathpur Village
10,"Manu University, Cuttack",Biju Patnaik Intl. Airport,25,Raghunathpur
10,"Manu University, Cuttack",Biju Patnaik Intl. Airport,26,Royal Lagoon
10,"Manu University, Cuttack",Biju Patnaik Intl. Airport,27,Mani Tribhuvan
10,"Manu University, Cuttack",Biju Patnaik Intl. Airport,28,Nandan Vihar
10,"Manu University, Cuttack",Biju Patnaik Intl. Airport,29,Sikharchandi Vihar
10,"Manu University, Cuttack",Biju Patnaik Intl. Airport,30,KIIT Square
10,"Manu University, Cuttack",Biju Patnaik Intl. Airport,31,KIIT Campus
10,"Manu University, Cuttack",Biju Patnaik Intl. Airport,32,KIMS Hospital
10,"Manu University, Cuttack",Biju Patnaik Intl. Airport,33,Shikharchandi
10,"Manu University, Cuttack",Biju Patnaik Intl. Airport,34,Silicon College
10,"Manu University, Cuttack",Biju Patnaik Intl. Airport,35,DLF Cyber City
10,"Manu University, Cuttack",Biju Patnaik Intl. Airport,36,Infocity Square
10,"Manu University, Cuttack",Biju Patnaik Intl. Airport,37,CIPET
10,"Manu University, Cuttack",Biju Patnaik Intl. Airport,38,Patia Square
10,"Manu University, Cuttack",Biju Patnaik Intl. Airport,39,Chandrashekharpur P.S.
10,"Manu University, Cuttack",Biju Patnaik Intl. Airport,40,Damana Square
10,"Manu University, Cuttack",Biju Patnaik Intl. Airport,41,Niladri Vihar Square
10,"Manu University, Cuttack",Biju Patnaik Intl. Airport,42,Omfed Square
10,"Manu University, Cuttack",Biju Patnaik Intl. Airport,43,Rail Sadan
10,"Manu University, Cuttack",Biju Patnaik Intl. Airport,44,Kalinga Hospital Square
10,"Manu University, Cuttack",Biju Patnaik Intl. Airport,45,Fortune Tower
10,"Manu University, Cuttack",Biju Patnaik Intl. Airport,46,Xavier Square
10,"Manu University, Cuttack",Biju Patnaik Intl. Airport,47,Janata Maidan
10,"Manu University, Cuttack",Biju Patnaik Intl. Airport,48,Mayfair Road
10,"Manu University, Cuttack",Biju Patnaik Intl. Airport,49,Pal Heights
10,"Manu University, Cuttack",Biju Patnaik Intl. Airport,50,Jaydev Vihar Square
10,"Manu University, Cuttack",Biju Patnaik Intl. Airport,51,Kalinga Stadium Gate-8
10,"Manu University, Cuttack",Biju Patnaik Intl. Airport,52,Kalinga Stadium Gate-2
10,"Manu University, Cuttack",Biju Patnaik Intl. Airport,53,The World
10,"Manu University, Cuttack",Biju Patnaik Intl. Airport,54,Shastri Nagar Square
10,"Manu University, Cuttack",Biju Patnaik Intl. Airport,55,Sail Office
10,"Manu University, Cuttack",Biju Patnaik Intl. Airport,56,Power House Square
10,"Manu University, Cuttack",Biju Patnaik Intl. Airport,57,Nautala
10,"Manu University, Cuttack",Biju Patnaik Intl. Airport,58,Bhubaneswar Club
10,"Manu University, Cuttack",Biju Patnaik Intl. Airport,59,AG Square
10,"Manu University, Cuttack",Biju Patnaik Intl. Airport,60,Capital Hospital
10,"Manu University, Cuttack",Biju Patnaik Intl. Airport,61,New Airport Square
10,"Manu University, Cuttack",Biju Patnaik Intl. Airport,62,Biju Patnaik Int. Airport
11,Bhubaneswar Rly. Stn.,Nandankanan,1,Bhubaneswar Rly. Stn.
11,Bhubaneswar Rly. Stn.,Nandankanan,2,Master Canteen
11,Bhubaneswar Rly. Stn.,Nandankanan,3,Sriya Square
11,Bhubaneswar Rly. Stn.,Nandankanan,4,Ram Mandir
11,Bhubaneswar Rly. Stn.,Nandankanan,5,Satya Nagar Square
11,Bhubaneswar Rly. Stn.,Nandankanan,6,Satya Nagar
11,Bhubaneswar Rly. Stn.,Nandankanan,7,Maharshi College Square
11,Bhubaneswar Rly. Stn.,Nandankanan,8,Rupali Square
11,Bhubaneswar Rly. Stn.,Nandankanan,9,RD Women's College
11,Bhubaneswar Rly. Stn.,Nandankanan,10,Vani Vihar Square
11,Bhubaneswar Rly. Stn.,Nandankanan,11,Acharya Vihar Square
11,Bhubaneswar Rly. Stn.,Nandankanan,12,Utkal University Gate-4
11,Bhubaneswar Rly. Stn.,Nandankanan,13,Apollo Hospital
11,Bhubaneswar Rly. Stn.,Nandankanan,14,Sainik School Square
11,Bhubaneswar Rly. Stn.,Nandankanan,15,Press Square
11,Bhubaneswar Rly. Stn.,Nandankanan,16,O.S.A.P 7th Battalion
11,Bhubaneswar Rly. Stn.,Nandankanan,17,Kalinga Hospital Square
11,Bhubaneswar Rly. Stn.,Nandankanan,18,Rail Sadan
11,Bhubaneswar Rly. Stn.,Nandankanan,19,Omfed Square
11,Bhubaneswar Rly. Stn.,Nandankanan,20,Niladri Vihar Square
11,Bhubaneswar Rly. Stn.,Nandankanan,21,Damana Square
11,Bhubaneswar Rly. Stn.,Nandankanan,22,Sailashree Vihar Phase 2
11,Bhubaneswar Rly. Stn.,Nandankanan,23,Sailashree Vihar Square
11,Bhubaneswar Rly. Stn.,Nandankanan,24,S. Vihar Jagannath Temple
11,Bhubaneswar Rly. Stn.,Nandankanan,25,Sai Enclave
11,Bhubaneswar Rly. Stn.,Nandankanan,26,Trident College
11,Bhubaneswar Rly. Stn.,Nandankanan,27,Infocity Square
11,Bhubaneswar Rly. Stn.,Nandankanan,28,DLF Cyber City
11,Bhubaneswar Rly. Stn.,Nandankanan,29,Silicon College
11,Bhubaneswar Rly. Stn.,Nandankanan,30,Shikharchandi
11,Bhubaneswar Rly. Stn.,Nandankanan,31,KIMS Hospital
11,Bhubaneswar Rly. Stn.,Nandankanan,32,KIIT Campus
11,Bhubaneswar Rly. Stn.,Nandankanan,33,KIIT Square
11,Bhubaneswar Rly. Stn.,Nandankanan,34,Sikharchandi Vihar
11,Bhubaneswar Rly. Stn.,Nandankanan,35,Nandan Vihar
11,Bhubaneswar Rly. Stn.,Nandankanan,36,Mani Tribhuvan
11,Bhubaneswar Rly. Stn.,Nandankanan,37,Royal Lagoon
11,Bhubaneswar Rly. Stn.,Nandankanan,38,Raghunathpur
11,Bhubaneswar Rly. Stn.,Nandankanan,39,Raghunathpur Village
11,Bhubaneswar Rly. Stn.,Nandankanan,40,Duladei Temple
11,Bhubaneswar Rly. Stn.,Nandankanan,41,Nandankanan High School
11,Bhubaneswar Rly. Stn.,Nandankanan,42,Nandankanan
12,Bhubaneswar Rly. Stn.,Nandankanan,1,Bhubaneswar Rly. Stn.
12,Bhubaneswar Rly. Stn.,Nandankanan,2,Master Canteen
12,Bhubaneswar Rly. Stn.,Nandankanan,3,Sriya Square
12,Bhubaneswar Rly. Stn.,Nandankanan,4,Ram Mandir
12,Bhubaneswar Rly. Stn.,Nandankanan,5,Exhibition Ground
12,Bhubaneswar Rly. Stn.,Nandankanan,6,Housing Board Square
12,Bhubaneswar Rly. Stn.,Nandankanan,7,AG Colony
12,Bhubaneswar Rly. Stn.,Nandankanan,8,Shastri Nagar Square
12,Bhubaneswar Rly. Stn.,Nandankanan,9,The World
12,Bhubaneswar Rly. Stn.,Nandankanan,10,Kalinga Stadium Gate-2
12,Bhubaneswar Rly. Stn.,Nandankanan,11,Kalinga Stadium Gate-8
12,Bhubaneswar Rly. Stn.,Nandankanan,12,Jaydev Vihar Square
12,Bhubaneswar Rly. Stn.,Nandankanan,13,Pal Heights
12,Bhubaneswar Rly. Stn.,Nandankanan,14,Mayfair Road
12,Bhubaneswar Rly. Stn.,Nandankanan,15,Janata Maidan
12,Bhubaneswar Rly. Stn.,Nandankanan,16,Xavier Square
12,Bhubaneswar Rly. Stn.,Nandankanan,17,Fortune Tower
12,Bhubaneswar Rly. Stn.,Nandankanan,18,Kalinga Hospital Square
12,Bhubaneswar Rly. Stn.,Nandankanan,19,Rail Sadan
12,Bhubaneswar Rly. Stn.,Nandankanan,20,Omfed Square
12,Bhubaneswar Rly. Stn.,Nandankanan,21,Niladri Vihar Square
12,Bhubaneswar Rly. Stn.,Nandankanan,22,Damana Square
12,Bhubaneswar Rly. Stn.,Nandankanan,23,Chandrashekharpur P.S.
12,Bhubaneswar Rly. Stn.,Nandankanan,24,Patia Square
12,Bhubaneswar Rly. Stn.,Nandankanan,25,Koel Campus
12,Bhubaneswar Rly. Stn.,Nandankanan,26,Kanan Vihar Phase-2
12,Bhubaneswar Rly. Stn.,Nandankanan,27,KIIT Square
12,Bhubaneswar Rly. Stn.,Nandankanan,28,Sikharchandi Vihar
12,Bhubaneswar Rly. Stn.,Nandankanan,29,Nandan Vihar
12,Bhubaneswar Rly. Stn.,Nandankanan,30,Mani Tribhuvan
12,Bhubaneswar Rly. Stn.,Nandankanan,31,Royal Lagoon
12,Bhubaneswar Rly. Stn.,Nandankanan,32,Raghunathpur
12,Bhubaneswar Rly. Stn.,Nandankanan,33,Raghunathpur Village
12,Bhubaneswar Rly. Stn.,Nandankanan,34,Duladei Temple
12,Bhubaneswar Rly. Stn.,Nandankanan,35,Nandankanan High School
12,Bhubaneswar Rly. Stn.,Nandankanan,36,Nandankanan
13,Nandankanan,Lingipur,1,Nandankanan
13,Nandankanan,Lingipur,2,Nandankanan High School
13,Nandankanan,Lingipur,3,Duladei Temple
13,Nandankanan,Lingipur,4,Raghunathpur Village
13,Nandankanan,Lingipur,5,Raghunathpur
13,Nandankanan,Lingipur,6,Royal Lagoon
13,Nandankanan,Lingipur,7,Mani Tribhuvan
13,Nandankanan,Lingipur,8,Nandan Vihar
13,Nandankanan,Lingipur,9,Sikharchandi Vihar
13,Nandankanan,Lingipur,10,KIIT Square
13,Nandankanan,Lingipur,11,KIIT Campus
13,Nandankanan,Lingipur,12,KIMS Hospital
13,Nandankanan,Lingipur,13,Shikharchandi
13,Nandankanan,Lingipur,14,Silicon College
13,Nandankanan,Lingipur,15,DLF Cyber City
13,Nandankanan,Lingipur,16,Infocity Square
13,Nandankanan,Lingipur,17,Trident College
13,Nandankanan,Lingipur,18,Sai Enclave
13,Nandankanan,Lingipur,19,S. Vihar Jagannath Temple
13,Nandankanan,Lingipur,20,Sailashree Vihar Sq.
13,Nandankanan,Lingipur,21,Sailashree Vihar Phase 2
13,Nandankanan,Lingipur,22,Damana Square
13,Nandankanan,Lingipur,23,Niladri Vihar Sq.
13,Nandankanan,Lingipur,24,Omfed Sq.
13,Nandankanan,Lingipur,25,Rail Sadan
13,Nandankanan,Lingipur,26,Kalinga Hospital Sq.
13,Nandankanan,Lingipur,27,O.S.A.P 7th Battalion
13,Nandankanan,Lingipur,28,Press Sq.
13,Nandankanan,Lingipur,29,Sainik School Sq.
13,Nandankanan,Lingipur,30,Apollo Hospital
13,Nandankanan,Lingipur,31,Utkal University Gate-4
13,Nandankanan,Lingipur,32,Acharya Vihar Sq.
13,Nandankanan,Lingipur,33,Ananda Bazaar
13,Nandankanan,Lingipur,34,Nicco Park Sq.
13,Nandankanan,Lingipur,35,Rotary Bhawan
13,Nandankanan,Lingipur,36,Housing Board Sq.
13,Nandankanan,Lingipur,37,Keshari Talkies
13,Nandankanan,Lingipur,38,Rabindra Mandap
13,Nandankanan,Lingipur,39,Secreteriat
13,Nandankanan,Lingipur,40,AG Square
13,Nandankanan,Lingipur,41,Unit 1 Haat
13,Nandankanan,Lingipur,42,Raj Mahal Sq.
13,Nandankanan,Lingipur,43,Kalpana Sq.
13,Nandankanan,Lingipur,44,State Museum
13,Nandankanan,Lingipur,45,BJB College
13,Nandankanan,Lingipur,46,NCC Canteen
13,Nandankanan,Lingipur,47,Shree Hospital
13,Nandankanan,Lingipur,48,Ravi Talkies
13,Nandankanan,Lingipur,49,Kedar Gouri Temple
13,Nandankanan,Lingipur,50,Gouri Nagar
13,Nandankanan,Lingipur,51,Lingraj Temple Road
13,Nandankanan,Lingipur,52,Mahavir Chowk
13,Nandankanan,Lingipur,53,Samantarapur
13,Nandankanan,Lingipur,54,Nuagaon
13,Nandankanan,Lingipur,55,Sishupalgarh
13,Nandankanan,Lingipur,56,Lingipur
14,Kalinga Vihar,Bhubaneswar Rly. Stn.,1,Kalinga Vihar
14,Kalinga Vihar,Bhubaneswar Rly. Stn.,2,K4 Ekamara Residency
14,Kalinga Vihar,Bhubaneswar Rly. Stn.,3,K4 Square
14,Kalinga Vihar,Bhubaneswar Rly. Stn.,4,Hanuman Mandir
14,Kalinga Vihar,Bhubaneswar Rly. Stn.,5,Tata Ariana
14,Kalinga Vihar,Bhubaneswar Rly. Stn.,6,Anandabana Park
14,Kalinga Vihar,Bhubaneswar Rly. Stn.,7,Vipul Garden
14,Kalinga Vihar,Bhubaneswar Rly. Stn.,8,K7 Kalyan Mandap
14,Kalinga Vihar,Bhubaneswar Rly. Stn.,9,IGKC
14,Kalinga Vihar,Bhubaneswar Rly. Stn.,10,Nuagoan Square
14,Kalinga Vihar,Bhubaneswar Rly. Stn.,11,SUM Hospital
14,Kalinga Vihar,Bhubaneswar Rly. Stn.,12,SUM Ultimate
14,Kalinga Vihar,Bhubaneswar Rly. Stn.,13,K8 Dream Palace
14,Kalinga Vihar,Bhubaneswar Rly. Stn.,14,Valia Square
14,Kalinga Vihar,Bhubaneswar Rly. Stn.,15,CET College
14,Kalinga Vihar,Bhubaneswar Rly. Stn.,16,Naka Gate
14,Kalinga Vihar,Bhubaneswar Rly. Stn.,17,Khandagiribari
14,Kalinga Vihar,Bhubaneswar Rly. Stn.,18,Jayadev Vatika Square
14,Kalinga Vihar,Bhubaneswar Rly. Stn.,19,Jayadev Vatika
14,Kalinga Vihar,Bhubaneswar Rly. Stn.,20,AMRI Hospital
14,Kalinga Vihar,Bhubaneswar Rly. Stn.,21,Satya Sai Enclave
14,Kalinga Vihar,Bhubaneswar Rly. Stn.,22,Binayaka Enclave
14,Kalinga Vihar,Bhubaneswar Rly. Stn.,23,Bank of Baroda (Kolathia)
14,Kalinga Vihar,Bhubaneswar Rly. Stn.,24,Jagannath Temple (Kolathia)
14,Kalinga Vihar,Bhubaneswar Rly. Stn.,25,Kolathia
14,Kalinga Vihar,Bhubaneswar Rly. Stn.,26,Khandagiri Square
14,Kalinga Vihar,Bhubaneswar Rly. Stn.,27,Khandagiri Bypass
14,Kalinga Vihar,Bhubaneswar Rly. Stn.,28,Baramunda BSABT
14,Kalinga Vihar,Bhubaneswar Rly. Stn.,29,Rajdhani College
14,Kalinga Vihar,Bhubaneswar Rly. Stn.,30,Fire Station Square
14,Kalinga Vihar,Bhubaneswar Rly. Stn.,31,Vivekanand Hospital
14,Kalinga Vihar,Bhubaneswar Rly. Stn.,32,Delta Square
14,Kalinga Vihar,Bhubaneswar Rly. Stn.,33,Satabdi Nagar
14,Kalinga Vihar,Bhubaneswar Rly. Stn.,34,City Womens College
14,Kalinga Vihar,Bhubaneswar Rly. Stn.,35,QUAT Square
14,Kalinga Vihar,Bhubaneswar Rly. Stn.,36,QUAT College
14,Kalinga Vihar,Bhubaneswar Rly. Stn.,37,Ganganagar Square
14,Kalinga Vihar,Bhubaneswar Rly. Stn.,38,Unit 6
14,Kalinga Vihar,Bhubaneswar Rly. Stn.,39,New Airport Square
14,Kalinga Vihar,Bhubaneswar Rly. Stn.,40,Capital Hospital
14,Kalinga Vihar,Bhubaneswar Rly. Stn.,41,AG Square
14,Kalinga Vihar,Bhubaneswar Rly. Stn.,42,Unit 1 Haat
14,Kalinga Vihar,Bhubaneswar Rly. Stn.,43,Raj Mahal Square
14,Kalinga Vihar,Bhubaneswar Rly. Stn.,44,Ashok Nagar
14,Kalinga Vihar,Bhubaneswar Rly. Stn.,45,Master Canteen
14,Kalinga Vihar,Bhubaneswar Rly. Stn.,46,Bhubaneswar Railway Station
15E,CNBT,Salia Sahi,1,CNBT
15E,CNBT,Salia Sahi,2,City College
15E,CNBT,Salia Sahi,3,Puri Ghat Police Station
15E,CNBT,Salia Sahi,4,Cuttack Sai Temple
15E,CNBT,Salia Sahi,5,High Court Road
15E,CNBT,Salia Sahi,6,Sishu Bhawan
15E,CNBT,Salia Sahi,7,Judicial Academy
15E,CNBT,Salia Sahi,8,Kunheipara
15E,CNBT,Salia Sahi,9,Trisulia Square
15E,CNBT,Salia Sahi,10,Madhuban
15E,CNBT,Salia Sahi,11,Bachhipur
15E,CNBT,Salia Sahi,12,Baranga Block
15E,CNBT,Salia Sahi,13,Barang Police Station
15E,CNBT,Salia Sahi,14,Barang
15E,CNBT,Salia Sahi,15,Nandankanan
15E,CNBT,Salia Sahi,16,Nandan Kanan High School
15E,CNBT,Salia Sahi,17,Dauladei Temple
15E,CNBT,Salia Sahi,18,Raghunathpur Village
15E,CNBT,Salia Sahi,19,Raghunathpur
15E,CNBT,Salia Sahi,20,Royal Lagoon
15E,CNBT,Salia Sahi,21,Mani Tribhuvan
15E,CNBT,Salia Sahi,22,Nandan Vihar
15E,CNBT,Salia Sahi,23,Sikharchandi Vihar
15E,CNBT,Salia Sahi,24,KIIT Square
15E,CNBT,Salia Sahi,25,KIIT Campus
15E,CNBT,Salia Sahi,26,KIMS Hospital
15E,CNBT,Salia Sahi,27,Shikharchandi
15E,CNBT,Salia Sahi,28,Silicon College
15E,CNBT,Salia Sahi,29,DLF Cyber City
15E,CNBT,Salia Sahi,30,Infocity Square
15E,CNBT,Salia Sahi,31,Trident College
15E,CNBT,Salia Sahi,32,Sai Enclave
15E,CNBT,Salia Sahi,33,S Vihar Jagannath Temple
15E,CNBT,Salia Sahi,34,Tarini Temple
15E,CNBT,Salia Sahi,35,Mangala Mandir
15E,CNBT,Salia Sahi,36,Sailashree Vihar Phase 6
15E,CNBT,Salia Sahi,37,Niladri Vihar Hanuman Temple
15E,CNBT,Salia Sahi,38,Power Grid Square
15E,CNBT,Salia Sahi,39,Niladri Vihar Basti
15E,CNBT,Salia Sahi,40,Utkal Hospital
15E,CNBT,Salia Sahi,41,Budha Vihar Colony
15E,CNBT,Salia Sahi,42,Govt High School (Chandrasekharpur)
15E,CNBT,Salia Sahi,43,Maitree Vihar
15E,CNBT,Salia Sahi,44,Salia Sahi
16 UP,Bhubaneswar Rly. Stn.,Sri Sri University,1,Bhubaneswar Railway Station
16 UP,Bhubaneswar Rly. Stn.,Sri Sri University,2,Master Canteen Janpath
16 UP,Bhubaneswar Rly. Stn.,Sri Sri University,3,Sriya Square
16 UP,Bhubaneswar Rly. Stn.,Sri Sri University,4,Ram Mandir
16 UP,Bhubaneswar Rly. Stn.,Sri Sri University,5,Satya Nagar Square
16 UP,Bhubaneswar Rly. Stn.,Sri Sri University,6,Satya Nagar
16 UP,Bhubaneswar Rly. Stn.,Sri Sri University,7,Maharshi College Square
16 UP,Bhubaneswar Rly. Stn.,Sri Sri University,8,Rupali Square
16 UP,Bhubaneswar Rly. Stn.,Sri Sri University,9,RD Womens College
16 UP,Bhubaneswar Rly. Stn.,Sri Sri University,10,Vani Vihar Square
16 UP,Bhubaneswar Rly. Stn.,Sri Sri University,11,Satsangha Vihar
16 UP,Bhubaneswar Rly. Stn.,Sri Sri University,12,VSS Nagar Road
16 UP,Bhubaneswar Rly. Stn.,Sri Sri University,13,Rasulgarh Square
16 UP,Bhubaneswar Rly. Stn.,Sri Sri University,14,Palasuni
16 UP,Bhubaneswar Rly. Stn.,Sri Sri University,15,Saptasati Temple
16 UP,Bhubaneswar Rly. Stn.,Sri Sri University,16,Hi-Tech Hospital Square
16 UP,Bhubaneswar Rly. Stn.,Sri Sri University,17,Hanspal Square
16 UP,Bhubaneswar Rly. Stn.,Sri Sri University,18,Puri Canal Road
16 UP,Bhubaneswar Rly. Stn.,Sri Sri University,19,Highway Honda
16 UP,Bhubaneswar Rly. Stn.,Sri Sri University,20,Assotech World
16 UP,Bhubaneswar Rly. Stn.,Sri Sri University,21,Vishnu Vihar
16 UP,Bhubaneswar Rly. Stn.,Sri Sri University,22,Utkal Heights
16 UP,Bhubaneswar Rly. Stn.,Sri Sri University,23,Millenium City
16 UP,Bhubaneswar Rly. Stn.,Sri Sri University,24,Pahal
16 UP,Bhubaneswar Rly. Stn.,Sri Sri University,25,Sishu Bhawan (Cuttack)
16 UP,Bhubaneswar Rly. Stn.,Sri Sri University,26,Apex College
16 UP,Bhubaneswar Rly. Stn.,Sri Sri University,27,Sum Hospital Campus 2
16 UP,Bhubaneswar Rly. Stn.,Sri Sri University,28,Nakhara Square
16 UP,Bhubaneswar Rly. Stn.,Sri Sri University,29,Bamphakuda
16 UP,Bhubaneswar Rly. Stn.,Sri Sri University,30,Ramnagar
16 UP,Bhubaneswar Rly. Stn.,Sri Sri University,31,Telenga Pentha
16 UP,Bhubaneswar Rly. Stn.,Sri Sri University,32,Delta Gada
16 UP,Bhubaneswar Rly. Stn.,Sri Sri University,33,Pratap Nagari
16 UP,Bhubaneswar Rly. Stn.,Sri Sri University,34,Bhanpur
16 UP,Bhubaneswar Rly. Stn.,Sri Sri University,35,Balikuda
16 UP,Bhubaneswar Rly. Stn.,Sri Sri University,36,Gopalpur Railway Station
16 UP,Bhubaneswar Rly. Stn.,Sri Sri University,37,Khapuria Square
16 UP,Bhubaneswar Rly. Stn.,Sri Sri University,38,Link Road
16 UP,Bhubaneswar Rly. Stn.,Sri Sri University,39,Nishamani Talkies
16 UP,Bhubaneswar Rly. Stn.,Sri Sri University,40,Arundoya Market
16 UP,Bhubaneswar Rly. Stn.,Sri Sri University,41,Pala Mandap
16 UP,Bhubaneswar Rly. Stn.,Sri Sri University,42,Badambadi Bus Stand
16 UP,Bhubaneswar Rly. Stn.,Sri Sri University,43,Badambadi Square
16 UP,Bhubaneswar Rly. Stn.,Sri Sri University,44,CNBT
16 UP,Bhubaneswar Rly. Stn.,Sri Sri University,45,City College
16 UP,Bhubaneswar Rly. Stn.,Sri Sri University,46,Puri Ghat Police Station
16 UP,Bhubaneswar Rly. Stn.,Sri Sri University,47,Cuttack Sai Temple
16 UP,Bhubaneswar Rly. Stn.,Sri Sri University,48,High Court Road
16 UP,Bhubaneswar Rly. Stn.,Sri Sri University,49,Sishu Bhawan
16 UP,Bhubaneswar Rly. Stn.,Sri Sri University,50,Judicial Academy
16 UP,Bhubaneswar Rly. Stn.,Sri Sri University,51,Dagarpada Road
16 UP,Bhubaneswar Rly. Stn.,Sri Sri University,52,Sati Choura Square
16 UP,Bhubaneswar Rly. Stn.,Sri Sri University,53,Eye Hospital Square
16 UP,Bhubaneswar Rly. Stn.,Sri Sri University,54,CDA 6 Park
16 UP,Bhubaneswar Rly. Stn.,Sri Sri University,55,CDA 9 Market Square
16 UP,Bhubaneswar Rly. Stn.,Sri Sri University,56,Raj Kishor Marg
16 UP,Bhubaneswar Rly. Stn.,Sri Sri University,57,Saraswati Shisu Mandir
16 UP,Bhubaneswar Rly. Stn.,Sri Sri University,58,Justice Square
16 UP,Bhubaneswar Rly. Stn.,Sri Sri University,59,State Bank Square
16 UP,Bhubaneswar Rly. Stn.,Sri Sri University,60,Biju Patnaik Park
16 UP,Bhubaneswar Rly. Stn.,Sri Sri University,61,Netaji Subhash Chhak Cuttack
16 UP,Bhubaneswar Rly. Stn.,Sri Sri University,62,CDA Sector 13 Road
16 UP,Bhubaneswar Rly. Stn.,Sri Sri University,63,Sector 13 Block 1
16 UP,Bhubaneswar Rly. Stn.,Sri Sri University,64,Sector 13 Block 2
16 UP,Bhubaneswar Rly. Stn.,Sri Sri University,65,Annapurna
16 UP,Bhubaneswar Rly. Stn.,Sri Sri University,66,CDA Sector 13 Road 1
16 UP,Bhubaneswar Rly. Stn.,Sri Sri University,67,Ravenshaw University Mahanadi Campus
16 UP,Bhubaneswar Rly. Stn.,Sri Sri University,68,National Law University Odisha
16 UP,Bhubaneswar Rly. Stn.,Sri Sri University,69,NLUO Hostel
16 UP,Bhubaneswar Rly. Stn.,Sri Sri University,70,Police Out Post Naraj
16 UP,Bhubaneswar Rly. Stn.,Sri Sri University,71,Naraj Barrage
16 UP,Bhubaneswar Rly. Stn.,Sri Sri University,72,Inspection and Certification Centre
16 UP,Bhubaneswar Rly. Stn.,Sri Sri University,73,Sri Sri University
17,Biju Patnaik Intl. Airport,"Barabati Stadium, Cuttack",1,Biju Patnaik Int. Airport
17,Biju Patnaik Intl. Airport,"Barabati Stadium, Cuttack",2,New Airport Square
17,Biju Patnaik Intl. Airport,"Barabati Stadium, Cuttack",3,Capital Hospital
17,Biju Patnaik Intl. Airport,"Barabati Stadium, Cuttack",4,AG Square
17,Biju Patnaik Intl. Airport,"Barabati Stadium, Cuttack",5,Secreteriat
17,Biju Patnaik Intl. Airport,"Barabati Stadium, Cuttack",6,Rabindra Mandap
17,Biju Patnaik Intl. Airport,"Barabati Stadium, Cuttack",7,Keshari Talkies
17,Biju Patnaik Intl. Airport,"Barabati Stadium, Cuttack",8,Housing Board Square
17,Biju Patnaik Intl. Airport,"Barabati Stadium, Cuttack",9,Rotary Bhavan
17,Biju Patnaik Intl. Airport,"Barabati Stadium, Cuttack",10,Nicco Park Square
17,Biju Patnaik Intl. Airport,"Barabati Stadium, Cuttack",11,Ananda Bazaar
17,Biju Patnaik Intl. Airport,"Barabati Stadium, Cuttack",12,Acharya Vihar Square
17,Biju Patnaik Intl. Airport,"Barabati Stadium, Cuttack",13,Vani Vihar
17,Biju Patnaik Intl. Airport,"Barabati Stadium, Cuttack",14,Vani Vihar Square
17,Biju Patnaik Intl. Airport,"Barabati Stadium, Cuttack",15,Satsang Vihar
17,Biju Patnaik Intl. Airport,"Barabati Stadium, Cuttack",16,VSS Nagar Road
17,Biju Patnaik Intl. Airport,"Barabati Stadium, Cuttack",17,Rasulgarh Square
17,Biju Patnaik Intl. Airport,"Barabati Stadium, Cuttack",18,Palasuni
17,Biju Patnaik Intl. Airport,"Barabati Stadium, Cuttack",19,Saptasati Temple
17,Biju Patnaik Intl. Airport,"Barabati Stadium, Cuttack",20,Hi-Tech Hospital Square
17,Biju Patnaik Intl. Airport,"Barabati Stadium, Cuttack",21,Hanspal Square
17,Biju Patnaik Intl. Airport,"Barabati Stadium, Cuttack",22,Puri Canal Road
17,Biju Patnaik Intl. Airport,"Barabati Stadium, Cuttack",23,Highway Honda
17,Biju Patnaik Intl. Airport,"Barabati Stadium, Cuttack",24,Utkal Heights
17,Biju Patnaik Intl. Airport,"Barabati Stadium, Cuttack",25,Millenium City
17,Biju Patnaik Intl. Airport,"Barabati Stadium, Cuttack",26,Pahal
17,Biju Patnaik Intl. Airport,"Barabati Stadium, Cuttack",27,Apex College
17,Biju Patnaik Intl. Airport,"Barabati Stadium, Cuttack",28,Sum Hospital Campus-2
17,Biju Patnaik Intl. Airport,"Barabati Stadium, Cuttack",29,Nakhara Square
17,Biju Patnaik Intl. Airport,"Barabati Stadium, Cuttack",30,Bamphakuda
17,Biju Patnaik Intl. Airport,"Barabati Stadium, Cuttack",31,Telenga Pentha
17,Biju Patnaik Intl. Airport,"Barabati Stadium, Cuttack",32,Delta Gada
17,Biju Patnaik Intl. Airport,"Barabati Stadium, Cuttack",33,Pratap Nagari
17,Biju Patnaik Intl. Airport,"Barabati Stadium, Cuttack",34,Bhanpur
17,Biju Patnaik Intl. Airport,"Barabati Stadium, Cuttack",35,Balikuda
17,Biju Patnaik Intl. Airport,"Barabati Stadium, Cuttack",36,Gopalpur Rly. Stn.
17,Biju Patnaik Intl. Airport,"Barabati Stadium, Cuttack",37,Khapuria Square
17,Biju Patnaik Intl. Airport,"Barabati Stadium, Cuttack",38,Link Road
17,Biju Patnaik Intl. Airport,"Barabati Stadium, Cuttack",39,Nishamani Talkies
17,Biju Patnaik Intl. Airport,"Barabati Stadium, Cuttack",40,Arundoya Market
17,Biju Patnaik Intl. Airport,"Barabati Stadium, Cuttack",41,Pala Mandap
17,Biju Patnaik Intl. Airport,"Barabati Stadium, Cuttack",42,Badambadi Bus Stand
17,Biju Patnaik Intl. Airport,"Barabati Stadium, Cuttack",43,Badambadi Square
17,Biju Patnaik Intl. Airport,"Barabati Stadium, Cuttack",44,Khannagar Traffic
17,Biju Patnaik Intl. Airport,"Barabati Stadium, Cuttack",45,City College (Cuttack)
17,Biju Patnaik Intl. Airport,"Barabati Stadium, Cuttack",46,Puri Ghat P.S.
17,Biju Patnaik Intl. Airport,"Barabati Stadium, Cuttack",47,Cuttack Sai Temple
17,Biju Patnaik Intl. Airport,"Barabati Stadium, Cuttack",48,High Court Road
17,Biju Patnaik Intl. Airport,"Barabati Stadium, Cuttack",49,Sishu Bhavan (Cuttack)
17,Biju Patnaik Intl. Airport,"Barabati Stadium, Cuttack",50,Judicial Academy
17,Biju Patnaik Intl. Airport,"Barabati Stadium, Cuttack",51,Dagarpada Road
17,Biju Patnaik Intl. Airport,"Barabati Stadium, Cuttack",52,Sati Choura Square
17,Biju Patnaik Intl. Airport,"Barabati Stadium, Cuttack",53,Krushak Bazar
17,Biju Patnaik Intl. Airport,"Barabati Stadium, Cuttack",54,Bidanasi
17,Biju Patnaik Intl. Airport,"Barabati Stadium, Cuttack",55,Chahata Nagar Lane 4
17,Biju Patnaik Intl. Airport,"Barabati Stadium, Cuttack",56,Chahata Ghata
17,Biju Patnaik Intl. Airport,"Barabati Stadium, Cuttack",57,Police Signal Traffic School
17,Biju Patnaik Intl. Airport,"Barabati Stadium, Cuttack",58,Srinivas Gada
17,Biju Patnaik Intl. Airport,"Barabati Stadium, Cuttack",59,Shifa Hospital
17,Biju Patnaik Intl. Airport,"Barabati Stadium, Cuttack",60,Deer Park
17,Biju Patnaik Intl. Airport,"Barabati Stadium, Cuttack",61,Baliyatra Ground
17,Biju Patnaik Intl. Airport,"Barabati Stadium, Cuttack",62,Barabati Stadium
18,Baramunda BSABT,Jagatpur,1,Baramunda BSABT
18,Baramunda BSABT,Jagatpur,2,Rajdhani College
18,Baramunda BSABT,Jagatpur,3,Fire Station Square
18,Baramunda BSABT,Jagatpur,4,Gopabandhu Nagar
18,Baramunda BSABT,Jagatpur,5,CRPF Square
18,Baramunda BSABT,Jagatpur,6,Nayapalli
18,Baramunda BSABT,Jagatpur,7,ISKCON Temple
18,Baramunda BSABT,Jagatpur,8,NABARD
18,Baramunda BSABT,Jagatpur,9,Jaydev Vihar Square
18,Baramunda BSABT,Jagatpur,10,Pal Heights
18,Baramunda BSABT,Jagatpur,11,Mayfair Road
18,Baramunda BSABT,Jagatpur,12,Janata Maidan
18,Baramunda BSABT,Jagatpur,13,Xavier Square
18,Baramunda BSABT,Jagatpur,14,Fortune Tower
18,Baramunda BSABT,Jagatpur,15,Kalinga Hospital Square
18,Baramunda BSABT,Jagatpur,16,Rail Sadan
18,Baramunda BSABT,Jagatpur,17,Omfed Square
18,Baramunda BSABT,Jagatpur,18,Niladri Vihar Square
18,Baramunda BSABT,Jagatpur,19,Damana Square
18,Baramunda BSABT,Jagatpur,20,Chandrasekharpur Police Station
18,Baramunda BSABT,Jagatpur,21,Patia Square
18,Baramunda BSABT,Jagatpur,22,Koel Campus
18,Baramunda BSABT,Jagatpur,23,Kanan Vihar Phase 2
18,Baramunda BSABT,Jagatpur,24,KIIT Square
18,Baramunda BSABT,Jagatpur,25,Sikharchandi Vihar
18,Baramunda BSABT,Jagatpur,26,Nandan Vihar
18,Baramunda BSABT,Jagatpur,27,Mani Tribhuvan
18,Baramunda BSABT,Jagatpur,28,Royal Lagoon
18,Baramunda BSABT,Jagatpur,29,Raghunathpur
18,Baramunda BSABT,Jagatpur,30,Raghunathpur Village
18,Baramunda BSABT,Jagatpur,31,Duladei Temple
18,Baramunda BSABT,Jagatpur,32,Nandankanan High School
18,Baramunda BSABT,Jagatpur,33,Nandankanan
18,Baramunda BSABT,Jagatpur,34,Barang
18,Baramunda BSABT,Jagatpur,35,Barang Police Station
18,Baramunda BSABT,Jagatpur,36,Barang Block
18,Baramunda BSABT,Jagatpur,37,Bachhipur
18,Baramunda BSABT,Jagatpur,38,Madhuban
18,Baramunda BSABT,Jagatpur,39,Trisulia Square
18,Baramunda BSABT,Jagatpur,40,Kunheipada
18,Baramunda BSABT,Jagatpur,41,Judicial Academy Junction
18,Baramunda BSABT,Jagatpur,42,Sishu Bhavan (Cuttack)
18,Baramunda BSABT,Jagatpur,43,High Court Road
18,Baramunda BSABT,Jagatpur,44,Cuttack Sai Temple
18,Baramunda BSABT,Jagatpur,45,Puri Ghat Police Station
18,Baramunda BSABT,Jagatpur,46,City College (Cuttack)
18,Baramunda BSABT,Jagatpur,47,Khannagar Traffic
18,Baramunda BSABT,Jagatpur,48,Badambadi Square
18,Baramunda BSABT,Jagatpur,49,Badambadi Bus Stand
18,Baramunda BSABT,Jagatpur,50,Pala Mandap
18,Baramunda BSABT,Jagatpur,51,Arundoya Market
18,Baramunda BSABT,Jagatpur,52,Nishamani Talkies
18,Baramunda BSABT,Jagatpur,53,Link Road
18,Baramunda BSABT,Jagatpur,54,Samrat Cinema Hall
18,Baramunda BSABT,Jagatpur,55,OMP Square
18,Baramunda BSABT,Jagatpur,56,Gandarpur
18,Baramunda BSABT,Jagatpur,57,Shikharpur
18,Baramunda BSABT,Jagatpur,58,Jagatpur
19,AIIMS,"OMP Square, Mahanadi Vihar",1,AIIMS
19,AIIMS,"OMP Square, Mahanadi Vihar",2,Police Academy
19,AIIMS,"OMP Square, Mahanadi Vihar",3,Alu Godam
19,AIIMS,"OMP Square, Mahanadi Vihar",4,Patrapada
19,AIIMS,"OMP Square, Mahanadi Vihar",5,Alu Godam 1
19,AIIMS,"OMP Square, Mahanadi Vihar",6,Kids Hospital Road
19,AIIMS,"OMP Square, Mahanadi Vihar",7,Aiginia
19,AIIMS,"OMP Square, Mahanadi Vihar",8,Kolathia
19,AIIMS,"OMP Square, Mahanadi Vihar",9,Khandagiri Sq.
19,AIIMS,"OMP Square, Mahanadi Vihar",10,Khandagiri Bypass
19,AIIMS,"OMP Square, Mahanadi Vihar",11,Baramunda BSABT
19,AIIMS,"OMP Square, Mahanadi Vihar",12,Baramunda
19,AIIMS,"OMP Square, Mahanadi Vihar",13,Rajdhani College
19,AIIMS,"OMP Square, Mahanadi Vihar",14,Fire Station Sq.
19,AIIMS,"OMP Square, Mahanadi Vihar",15,Gopabandhu Nagar
19,AIIMS,"OMP Square, Mahanadi Vihar",16,CRPF Sq.
19,AIIMS,"OMP Square, Mahanadi Vihar",17,Nayapalli
19,AIIMS,"OMP Square, Mahanadi Vihar",18,ISKCON Temple
19,AIIMS,"OMP Square, Mahanadi Vihar",19,NABARD
19,AIIMS,"OMP Square, Mahanadi Vihar",20,Jaydev Vihar Flyover
19,AIIMS,"OMP Square, Mahanadi Vihar",21,IMMT
19,AIIMS,"OMP Square, Mahanadi Vihar",22,Acharya Vihar Sq.
19,AIIMS,"OMP Square, Mahanadi Vihar",23,Vani Vihar
19,AIIMS,"OMP Square, Mahanadi Vihar",24,Vani Vihar Sq.
19,AIIMS,"OMP Square, Mahanadi Vihar",25,Satsangha Vihar
19,AIIMS,"OMP Square, Mahanadi Vihar",26,VSS Nagar Road
19,AIIMS,"OMP Square, Mahanadi Vihar",27,Rasulgarh Sq.
19,AIIMS,"OMP Square, Mahanadi Vihar",28,Palasuni
19,AIIMS,"OMP Square, Mahanadi Vihar",29,Saptasati Temple
19,AIIMS,"OMP Square, Mahanadi Vihar",30,Hi-Tech Hospital Sq.
19,AIIMS,"OMP Square, Mahanadi Vihar",31,Hanspal Square
19,AIIMS,"OMP Square, Mahanadi Vihar",32,Puri Canal Road
19,AIIMS,"OMP Square, Mahanadi Vihar",33,Highway Honda
19,AIIMS,"OMP Square, Mahanadi Vihar",34,Utkal Heights
19,AIIMS,"OMP Square, Mahanadi Vihar",35,Millenium City
19,AIIMS,"OMP Square, Mahanadi Vihar",36,Pahal
19,AIIMS,"OMP Square, Mahanadi Vihar",37,Apex College
19,AIIMS,"OMP Square, Mahanadi Vihar",38,Sum Hospital Campus-2
19,AIIMS,"OMP Square, Mahanadi Vihar",39,Nakhara Sq.
19,AIIMS,"OMP Square, Mahanadi Vihar",40,Bamphakuda
19,AIIMS,"OMP Square, Mahanadi Vihar",41,Telenga Pentha
19,AIIMS,"OMP Square, Mahanadi Vihar",42,Delta Gada
19,AIIMS,"OMP Square, Mahanadi Vihar",43,Pratap Nagari
19,AIIMS,"OMP Square, Mahanadi Vihar",44,Bhanpur
19,AIIMS,"OMP Square, Mahanadi Vihar",45,Balikuda
19,AIIMS,"OMP Square, Mahanadi Vihar",46,Gopalpur Rly. Stn.
19,AIIMS,"OMP Square, Mahanadi Vihar",47,Khapuria Sq.
19,AIIMS,"OMP Square, Mahanadi Vihar",48,Link Road
19,AIIMS,"OMP Square, Mahanadi Vihar",49,Samrat Cinema
19,AIIMS,"OMP Square, Mahanadi Vihar",50,OMP Sq.
19,AIIMS,"OMP Square, Mahanadi Vihar",51,Gandarpur
19,AIIMS,"OMP Square, Mahanadi Vihar",52,Shikharpur
19,AIIMS,"OMP Square, Mahanadi Vihar",53,Kaliaboda Temple
19,AIIMS,"OMP Square, Mahanadi Vihar",54,Haramani Mandap
19,AIIMS,"OMP Square, Mahanadi Vihar",55,Kaliaboda Sub Post Office
19,AIIMS,"OMP Square, Mahanadi Vihar",56,Mahanadi Vihar
20,Bhubaneswar Rly. Stn.,Khordha New Bus Stand,1,Bhubaneswar Rly. Stn.
20,Bhubaneswar Rly. Stn.,Khordha New Bus Stand,2,Master Canteen
20,Bhubaneswar Rly. Stn.,Khordha New Bus Stand,3,Sriya Square
20,Bhubaneswar Rly. Stn.,Khordha New Bus Stand,4,Ram Mandir
20,Bhubaneswar Rly. Stn.,Khordha New Bus Stand,5,Satya Nagar Square
20,Bhubaneswar Rly. Stn.,Khordha New Bus Stand,6,Satya Nagar
20,Bhubaneswar Rly. Stn.,Khordha New Bus Stand,7,Maharshi College Square
20,Bhubaneswar Rly. Stn.,Khordha New Bus Stand,8,Rupali Square
20,Bhubaneswar Rly. Stn.,Khordha New Bus Stand,9,RD Women's College
20,Bhubaneswar Rly. Stn.,Khordha New Bus Stand,10,Vani Vihar Square
20,Bhubaneswar Rly. Stn.,Khordha New Bus Stand,11,Vani Vihar
20,Bhubaneswar Rly. Stn.,Khordha New Bus Stand,12,Acharya Vihar Square
20,Bhubaneswar Rly. Stn.,Khordha New Bus Stand,13,IMMT
20,Bhubaneswar Rly. Stn.,Khordha New Bus Stand,14,Jaydev Vihar Square
20,Bhubaneswar Rly. Stn.,Khordha New Bus Stand,15,NABARD
20,Bhubaneswar Rly. Stn.,Khordha New Bus Stand,16,ISKCON Temple
20,Bhubaneswar Rly. Stn.,Khordha New Bus Stand,17,Nayapalli
20,Bhubaneswar Rly. Stn.,Khordha New Bus Stand,18,CRPF Square
20,Bhubaneswar Rly. Stn.,Khordha New Bus Stand,19,Gopabandhu Nagar
20,Bhubaneswar Rly. Stn.,Khordha New Bus Stand,20,Fire Station Square
20,Bhubaneswar Rly. Stn.,Khordha New Bus Stand,21,Rajdhani College
20,Bhubaneswar Rly. Stn.,Khordha New Bus Stand,22,Baramunda BSABT
20,Bhubaneswar Rly. Stn.,Khordha New Bus Stand,23,Khandagiri Bypass Road
20,Bhubaneswar Rly. Stn.,Khordha New Bus Stand,24,Khandagiri Square
20,Bhubaneswar Rly. Stn.,Khordha New Bus Stand,25,Kolathia
20,Bhubaneswar Rly. Stn.,Khordha New Bus Stand,26,Aiginia
20,Bhubaneswar Rly. Stn.,Khordha New Bus Stand,27,Alu Godam
20,Bhubaneswar Rly. Stn.,Khordha New Bus Stand,28,Patrapada
20,Bhubaneswar Rly. Stn.,Khordha New Bus Stand,29,K9
20,Bhubaneswar Rly. Stn.,Khordha New Bus Stand,30,Kalinga Vihar Square
20,Bhubaneswar Rly. Stn.,Khordha New Bus Stand,31,Tamando
20,Bhubaneswar Rly. Stn.,Khordha New Bus Stand,32,Bijipur
20,Bhubaneswar Rly. Stn.,Khordha New Bus Stand,33,Gohiria Square
20,Bhubaneswar Rly. Stn.,Khordha New Bus Stand,34,Retang Road Square
20,Bhubaneswar Rly. Stn.,Khordha New Bus Stand,35,Janla Post Office
20,Bhubaneswar Rly. Stn.,Khordha New Bus Stand,36,Janla Medical
20,Bhubaneswar Rly. Stn.,Khordha New Bus Stand,37,Bhuasuni Temple
20,Bhubaneswar Rly. Stn.,Khordha New Bus Stand,38,Jatni Gate
20,Bhubaneswar Rly. Stn.,Khordha New Bus Stand,39,Gangapada
20,Bhubaneswar Rly. Stn.,Khordha New Bus Stand,40,Jupiter Collage
20,Bhubaneswar Rly. Stn.,Khordha New Bus Stand,41,Pitapalli Square
20,Bhubaneswar Rly. Stn.,Khordha New Bus Stand,42,Khordha Bypass Square
20,Bhubaneswar Rly. Stn.,Khordha New Bus Stand,43,PN College
20,Bhubaneswar Rly. Stn.,Khordha New Bus Stand,44,UPHC
20,Bhubaneswar Rly. Stn.,Khordha New Bus Stand,45,Barunei Pitha
20,Bhubaneswar Rly. Stn.,Khordha New Bus Stand,46,Gada Khordha
20,Bhubaneswar Rly. Stn.,Khordha New Bus Stand,47,DRDA
20,Bhubaneswar Rly. Stn.,Khordha New Bus Stand,48,Old Collector Office
20,Bhubaneswar Rly. Stn.,Khordha New Bus Stand,49,Pallahata Square
20,Bhubaneswar Rly. Stn.,Khordha New Bus Stand,50,Khordha New Bus Stand
21 UP,Bhubaneswar Rly. Stn.,Khordha New Bus Stand,1,Bhubaneswar Rly. Stn.
21 UP,Bhubaneswar Rly. Stn.,Khordha New Bus Stand,2,Master Canteen
21 UP,Bhubaneswar Rly. Stn.,Khordha New Bus Stand,3,Ashok Nagar
21 UP,Bhubaneswar Rly. Stn.,Khordha New Bus Stand,4,Raj Mahal Sq.
21 UP,Bhubaneswar Rly. Stn.,Khordha New Bus Stand,5,Unit 1 Haat
21 UP,Bhubaneswar Rly. Stn.,Khordha New Bus Stand,6,AG Square
21 UP,Bhubaneswar Rly. Stn.,Khordha New Bus Stand,7,Capital Hospital
21 UP,Bhubaneswar Rly. Stn.,Khordha New Bus Stand,8,New Airport Sq.
21 UP,Bhubaneswar Rly. Stn.,Khordha New Bus Stand,9,Unit 6
21 UP,Bhubaneswar Rly. Stn.,Khordha New Bus Stand,10,Ganganagar Sq.
21 UP,Bhubaneswar Rly. Stn.,Khordha New Bus Stand,11,OUAT College
21 UP,Bhubaneswar Rly. Stn.,Khordha New Bus Stand,12,QUAT Square
21 UP,Bhubaneswar Rly. Stn.,Khordha New Bus Stand,13,City Womens College
21 UP,Bhubaneswar Rly. Stn.,Khordha New Bus Stand,14,Satabdi Nagar
21 UP,Bhubaneswar Rly. Stn.,Khordha New Bus Stand,15,Delta Sq.
21 UP,Bhubaneswar Rly. Stn.,Khordha New Bus Stand,16,Vivekanand Hospital
21 UP,Bhubaneswar Rly. Stn.,Khordha New Bus Stand,17,Fire Station Sq.
21 UP,Bhubaneswar Rly. Stn.,Khordha New Bus Stand,18,Rajdhani College
21 UP,Bhubaneswar Rly. Stn.,Khordha New Bus Stand,19,Baramunda BSABT
21 UP,Bhubaneswar Rly. Stn.,Khordha New Bus Stand,20,Khandagiri Bypass
21 UP,Bhubaneswar Rly. Stn.,Khordha New Bus Stand,21,Khandagiri Sq.
21 UP,Bhubaneswar Rly. Stn.,Khordha New Bus Stand,22,Kolathia
21 UP,Bhubaneswar Rly. Stn.,Khordha New Bus Stand,23,Aiginia
21 UP,Bhubaneswar Rly. Stn.,Khordha New Bus Stand,24,Alu Godam
21 UP,Bhubaneswar Rly. Stn.,Khordha New Bus Stand,25,Patrapada
21 UP,Bhubaneswar Rly. Stn.,Khordha New Bus Stand,26,K9
21 UP,Bhubaneswar Rly. Stn.,Khordha New Bus Stand,27,Kalinga Vihar Sq.
21 UP,Bhubaneswar Rly. Stn.,Khordha New Bus Stand,28,Tamando
21 UP,Bhubaneswar Rly. Stn.,Khordha New Bus Stand,29,Bijipur
21 UP,Bhubaneswar Rly. Stn.,Khordha New Bus Stand,30,Gohiria Sq.
21 UP,Bhubaneswar Rly. Stn.,Khordha New Bus Stand,31,Retang Road Sq.
21 UP,Bhubaneswar Rly. Stn.,Khordha New Bus Stand,32,Janla Post Office
21 UP,Bhubaneswar Rly. Stn.,Khordha New Bus Stand,33,Janla Medical
21 UP,Bhubaneswar Rly. Stn.,Khordha New Bus Stand,34,Bhuasuni Temple
21 UP,Bhubaneswar Rly. Stn.,Khordha New Bus Stand,35,Jatani Gate
21 UP,Bhubaneswar Rly. Stn.,Khordha New Bus Stand,36,Gangapada
21 UP,Bhubaneswar Rly. Stn.,Khordha New Bus Stand,37,Gangapada Sq.
21 UP,Bhubaneswar Rly. Stn.,Khordha New Bus Stand,38,Pitapalli Square
21 UP,Bhubaneswar Rly. Stn.,Khordha New Bus Stand,39,Khordha Bypass Sq.
21 UP,Bhubaneswar Rly. Stn.,Khordha New Bus Stand,40,PN College Road
21 UP,Bhubaneswar Rly. Stn.,Khordha New Bus Stand,41,Mukund Prasad Sq.
21 UP,Bhubaneswar Rly. Stn.,Khordha New Bus Stand,42,Old Fire Station Sq.
21 UP,Bhubaneswar Rly. Stn.,Khordha New Bus Stand,43,Khordha PS.
21 UP,Bhubaneswar Rly. Stn.,Khordha New Bus Stand,44,Bank Sq.
21 UP,Bhubaneswar Rly. Stn.,Khordha New Bus Stand,45,Khordha Bazar
21 UP,Bhubaneswar Rly. Stn.,Khordha New Bus Stand,46,Khordha New Bus Stand
22A,Bhubaneswar Rly. Stn.,Khordha Road Stn.,1,Bhubaneswar Rly. Stn.
22A,Bhubaneswar Rly. Stn.,Khordha Road Stn.,2,Master Canteen
22A,Bhubaneswar Rly. Stn.,Khordha Road Stn.,3,Ashok Nagar
22A,Bhubaneswar Rly. Stn.,Khordha Road Stn.,4,Raj Mahal Square
22A,Bhubaneswar Rly. Stn.,Khordha Road Stn.,5,Bapuji Nagar
22A,Bhubaneswar Rly. Stn.,Khordha Road Stn.,6,Sishu Bhawan Square
22A,Bhubaneswar Rly. Stn.,Khordha Road Stn.,7,Forest Park
22A,Bhubaneswar Rly. Stn.,Khordha Road Stn.,8,Old Airport Square
22A,Bhubaneswar Rly. Stn.,Khordha Road Stn.,9,Naveen Nivas
22A,Bhubaneswar Rly. Stn.,Khordha Road Stn.,10,Palaspalli
22A,Bhubaneswar Rly. Stn.,Khordha Road Stn.,11,Poonama Flyover
22A,Bhubaneswar Rly. Stn.,Khordha Road Stn.,12,Bhimatangi
22A,Bhubaneswar Rly. Stn.,Khordha Road Stn.,13,Ekamra College
22A,Bhubaneswar Rly. Stn.,Khordha Road Stn.,14,Lingaraj Station
22A,Bhubaneswar Rly. Stn.,Khordha Road Stn.,15,Sundarapada Square
22A,Bhubaneswar Rly. Stn.,Khordha Road Stn.,16,Trilochan Vihar
22A,Bhubaneswar Rly. Stn.,Khordha Road Stn.,17,Gauri Dham
22A,Bhubaneswar Rly. Stn.,Khordha Road Stn.,18,Botanda
22A,Bhubaneswar Rly. Stn.,Khordha Road Stn.,19,Chandi Bazaar
22A,Bhubaneswar Rly. Stn.,Khordha Road Stn.,20,Kantilo
22A,Bhubaneswar Rly. Stn.,Khordha Road Stn.,21,Kuha
22A,Bhubaneswar Rly. Stn.,Khordha Road Stn.,22,Khetrapala
22A,Bhubaneswar Rly. Stn.,Khordha Road Stn.,23,Biri Bandha
22A,Bhubaneswar Rly. Stn.,Khordha Road Stn.,24,Subhasri Towers
22A,Bhubaneswar Rly. Stn.,Khordha Road Stn.,25,Srusti Mansion
22A,Bhubaneswar Rly. Stn.,Khordha Road Stn.,26,Pradhan Sahi
22A,Bhubaneswar Rly. Stn.,Khordha Road Stn.,27,Aryan College
22A,Bhubaneswar Rly. Stn.,Khordha Road Stn.,28,Jamukoli
22A,Bhubaneswar Rly. Stn.,Khordha Road Stn.,29,Bahlipada
22A,Bhubaneswar Rly. Stn.,Khordha Road Stn.,30,OEC
22A,Bhubaneswar Rly. Stn.,Khordha Road Stn.,31,XUB
22A,Bhubaneswar Rly. Stn.,Khordha Road Stn.,32,Niranjanpur Square
22A,Bhubaneswar Rly. Stn.,Khordha Road Stn.,33,Harirajpur Square
22A,Bhubaneswar Rly. Stn.,Khordha Road Stn.,34,Baba Somanatha Square
22A,Bhubaneswar Rly. Stn.,Khordha Road Stn.,35,Kudiary High School
22A,Bhubaneswar Rly. Stn.,Khordha Road Stn.,36,Nilakantheswar Square
22A,Bhubaneswar Rly. Stn.,Khordha Road Stn.,37,Sayeed Memorial Hospital
22A,Bhubaneswar Rly. Stn.,Khordha Road Stn.,38,Khordha Road Station
22B UP,Jatani Gate,Khordha New Bus Stand,1,Jatani Gate
22B UP,Jatani Gate,Khordha New Bus Stand,2,Gobindapur
22B UP,Jatani Gate,Khordha New Bus Stand,3,Royal Habitat
22B UP,Jatani Gate,Khordha New Bus Stand,4,KIST
22B UP,Jatani Gate,Khordha New Bus Stand,5,Sandhapur
22B UP,Jatani Gate,Khordha New Bus Stand,6,CUTM
22B UP,Jatani Gate,Khordha New Bus Stand,7,Jatani College
22B UP,Jatani Gate,Khordha New Bus Stand,8,P.N High School
22B UP,Jatani Gate,Khordha New Bus Stand,9,CHC Jatani
22B UP,Jatani Gate,Khordha New Bus Stand,10,Sophitorium
22B UP,Jatani Gate,Khordha New Bus Stand,11,Haribhaina Square
22B UP,Jatani Gate,Khordha New Bus Stand,12,Jatani Municipal Council
22B UP,Jatani Gate,Khordha New Bus Stand,13,Mahulgudia Square
22B UP,Jatani Gate,Khordha New Bus Stand,14,Jatani P.S.
22B UP,Jatani Gate,Khordha New Bus Stand,15,Sitaram Chowk
22B UP,Jatani Gate,Khordha New Bus Stand,16,Khordha Road Station
22B UP,Jatani Gate,Khordha New Bus Stand,17,Sitaram Chowk 1
22B UP,Jatani Gate,Khordha New Bus Stand,18,Jatani P.S. 1
22B UP,Jatani Gate,Khordha New Bus Stand,19,Mahulgudia Square 1
22B UP,Jatani Gate,Khordha New Bus Stand,20,Jatani Municipal Council 1
22B UP,Jatani Gate,Khordha New Bus Stand,21,Haribhaina Square 1
22B UP,Jatani Gate,Khordha New Bus Stand,22,Badanuagaon
22B UP,Jatani Gate,Khordha New Bus Stand,23,Block Square
22B UP,Jatani Gate,Khordha New Bus Stand,24,IIT Road
22B UP,Jatani Gate,Khordha New Bus Stand,25,NISER
22B UP,Jatani Gate,Khordha New Bus Stand,26,Padanpur
22B UP,Jatani Gate,Khordha New Bus Stand,27,BSF Battalion Camp
22B UP,Jatani Gate,Khordha New Bus Stand,28,Carmel Eng. Med. School
22B UP,Jatani Gate,Khordha New Bus Stand,29,Khordha Bypass Square
22B UP,Jatani Gate,Khordha New Bus Stand,30,PN College Road
22B UP,Jatani Gate,Khordha New Bus Stand,31,Mukund Prasad Square
22B UP,Jatani Gate,Khordha New Bus Stand,32,Old Fire Station Square (Khordha)
22B UP,Jatani Gate,Khordha New Bus Stand,33,Khordha P.S.
22B UP,Jatani Gate,Khordha New Bus Stand,34,Bank Square
22B UP,Jatani Gate,Khordha New Bus Stand,35,Khordha Bazar
22B UP,Jatani Gate,Khordha New Bus Stand,36,Khordha New Bus Stand
23,Bhubaneswar Rly. Stn.,IGKC Multispecialty Hospital,1,Bhubaneswar Rly. Stn.
23,Bhubaneswar Rly. Stn.,IGKC Multispecialty Hospital,2,Master Canteen
23,Bhubaneswar Rly. Stn.,IGKC Multispecialty Hospital,3,Ashok Nagar
23,Bhubaneswar Rly. Stn.,IGKC Multispecialty Hospital,4,Raj Mahal Square
23,Bhubaneswar Rly. Stn.,IGKC Multispecialty Hospital,5,Unit-1 Haat
23,Bhubaneswar Rly. Stn.,IGKC Multispecialty Hospital,6,AG Square
23,Bhubaneswar Rly. Stn.,IGKC Multispecialty Hospital,7,Bhubaneswar Club
23,Bhubaneswar Rly. Stn.,IGKC Multispecialty Hospital,8,Governor House Square
23,Bhubaneswar Rly. Stn.,IGKC Multispecialty Hospital,9,Surya Nagar
23,Bhubaneswar Rly. Stn.,IGKC Multispecialty Hospital,10,Gopabandhu Square
23,Bhubaneswar Rly. Stn.,IGKC Multispecialty Hospital,11,Siripur Market
23,Bhubaneswar Rly. Stn.,IGKC Multispecialty Hospital,12,QUAT Square
23,Bhubaneswar Rly. Stn.,IGKC Multispecialty Hospital,13,City Women's College
23,Bhubaneswar Rly. Stn.,IGKC Multispecialty Hospital,14,Satabdi Nagar
23,Bhubaneswar Rly. Stn.,IGKC Multispecialty Hospital,15,Delta Square
23,Bhubaneswar Rly. Stn.,IGKC Multispecialty Hospital,16,Vivekanand Hospital
23,Bhubaneswar Rly. Stn.,IGKC Multispecialty Hospital,17,Fire Station Square
23,Bhubaneswar Rly. Stn.,IGKC Multispecialty Hospital,18,CRPF KV
23,Bhubaneswar Rly. Stn.,IGKC Multispecialty Hospital,19,Rental Colony
23,Bhubaneswar Rly. Stn.,IGKC Multispecialty Hospital,20,Jagannath Vihar
23,Bhubaneswar Rly. Stn.,IGKC Multispecialty Hospital,21,Agriculture Directorate
23,Bhubaneswar Rly. Stn.,IGKC Multispecialty Hospital,22,Kalinga Studio Square
23,Bhubaneswar Rly. Stn.,IGKC Multispecialty Hospital,23,Ayurveda College
23,Bhubaneswar Rly. Stn.,IGKC Multispecialty Hospital,24,Shyampur
23,Bhubaneswar Rly. Stn.,IGKC Multispecialty Hospital,25,Sum Hospital
23,Bhubaneswar Rly. Stn.,IGKC Multispecialty Hospital,26,IGKC Multispecialty Hospital
24,Sai Mandir,Kalinga Vihar,1,Sai Mandir
24,Sai Mandir,Kalinga Vihar,2,Megheswar Temple
24,Sai Mandir,Kalinga Vihar,3,Brahmeswarpatna
24,Sai Mandir,Kalinga Vihar,4,Ratnakar Bagh
24,Sai Mandir,Kalinga Vihar,5,Chili Pokhari
24,Sai Mandir,Kalinga Vihar,6,Raja Rani Temple
24,Sai Mandir,Kalinga Vihar,7,Ravi Talkies
24,Sai Mandir,Kalinga Vihar,8,Shree Hospital
24,Sai Mandir,Kalinga Vihar,9,NCC Canteen
24,Sai Mandir,Kalinga Vihar,10,BJB College
24,Sai Mandir,Kalinga Vihar,11,State Museum
24,Sai Mandir,Kalinga Vihar,12,Kalpana Square
24,Sai Mandir,Kalinga Vihar,13,Sabarsahi Lane
24,Sai Mandir,Kalinga Vihar,14,Old Station Bazaar (Rly. Stn.)
24,Sai Mandir,Kalinga Vihar,15,Laxmi Sagar Square
24,Sai Mandir,Kalinga Vihar,16,Yatri Nivas
24,Sai Mandir,Kalinga Vihar,17,Jharpada
24,Sai Mandir,Kalinga Vihar,18,Ekamra Talkies
24,Sai Mandir,Kalinga Vihar,19,Bomikhal
24,Sai Mandir,Kalinga Vihar,20,Rasulgarh Market
24,Sai Mandir,Kalinga Vihar,21,Rasulgarh Square
24,Sai Mandir,Kalinga Vihar,22,VSS Nagar Road
24,Sai Mandir,Kalinga Vihar,23,Satsangha Vihar
24,Sai Mandir,Kalinga Vihar,24,Vani Vihar Square
24,Sai Mandir,Kalinga Vihar,25,Vani Vihar
24,Sai Mandir,Kalinga Vihar,26,Acharya Vihar Square
24,Sai Mandir,Kalinga Vihar,27,IMMT
24,Sai Mandir,Kalinga Vihar,28,Jaydev Vihar Square
24,Sai Mandir,Kalinga Vihar,29,NABARD
24,Sai Mandir,Kalinga Vihar,30,ISKCON Temple
24,Sai Mandir,Kalinga Vihar,31,Nayapalli
24,Sai Mandir,Kalinga Vihar,32,CRPF Square
24,Sai Mandir,Kalinga Vihar,33,Gopabandhu Nagar
24,Sai Mandir,Kalinga Vihar,34,Fire Station Square
24,Sai Mandir,Kalinga Vihar,35,Rajdhani College
24,Sai Mandir,Kalinga Vihar,36,Baramunda
24,Sai Mandir,Kalinga Vihar,37,Baramunda BSABT
24,Sai Mandir,Kalinga Vihar,38,Khandagiri Bypass
24,Sai Mandir,Kalinga Vihar,39,Khandagiri Square
24,Sai Mandir,Kalinga Vihar,40,Kolathia
24,Sai Mandir,Kalinga Vihar,41,Aiginia
24,Sai Mandir,Kalinga Vihar,42,Kids Hospital Road
24,Sai Mandir,Kalinga Vihar,43,Alu Godam
24,Sai Mandir,Kalinga Vihar,44,Patrapada
24,Sai Mandir,Kalinga Vihar,45,K9
24,Sai Mandir,Kalinga Vihar,46,Kalinga Vihar Square
24,Sai Mandir,Kalinga Vihar,47,Kalinga Vihar K5
24,Sai Mandir,Kalinga Vihar,48,Saint Arnold K4
24,Sai Mandir,Kalinga Vihar,49,Hanuman Mandir
24,Sai Mandir,Kalinga Vihar,50,Kalinga Vihar
25,Dumuduma (Ranasinghpur),Mancheswar (Rangamatia),1,Ranasinghpur
25,Dumuduma (Ranasinghpur),Mancheswar (Rangamatia),2,Raghunath Nagar
25,Dumuduma (Ranasinghpur),Mancheswar (Rangamatia),3,Dumduma
25,Dumuduma (Ranasinghpur),Mancheswar (Rangamatia),4,Kids Hospital
25,Dumuduma (Ranasinghpur),Mancheswar (Rangamatia),5,Kids Hospital Road
25,Dumuduma (Ranasinghpur),Mancheswar (Rangamatia),6,Aiginia
25,Dumuduma (Ranasinghpur),Mancheswar (Rangamatia),7,Alu Godam
25,Dumuduma (Ranasinghpur),Mancheswar (Rangamatia),8,Patrapada
25,Dumuduma (Ranasinghpur),Mancheswar (Rangamatia),9,Alu Godam 1
25,Dumuduma (Ranasinghpur),Mancheswar (Rangamatia),10,Aiginia 1
25,Dumuduma (Ranasinghpur),Mancheswar (Rangamatia),11,Kolathia
25,Dumuduma (Ranasinghpur),Mancheswar (Rangamatia),12,Khandagiri Sq.
25,Dumuduma (Ranasinghpur),Mancheswar (Rangamatia),13,Jagannath Temple
25,Dumuduma (Ranasinghpur),Mancheswar (Rangamatia),14,Jagamara
25,Dumuduma (Ranasinghpur),Mancheswar (Rangamatia),15,ITER College
25,Dumuduma (Ranasinghpur),Mancheswar (Rangamatia),16,Gandamunda
25,Dumuduma (Ranasinghpur),Mancheswar (Rangamatia),17,Kala Bhoomi
25,Dumuduma (Ranasinghpur),Mancheswar (Rangamatia),18,Madhusudan Park
25,Dumuduma (Ranasinghpur),Mancheswar (Rangamatia),19,Housing Board Colony
25,Dumuduma (Ranasinghpur),Mancheswar (Rangamatia),20,Pokhariput
25,Dumuduma (Ranasinghpur),Mancheswar (Rangamatia),21,Sundarpada Hata
25,Dumuduma (Ranasinghpur),Mancheswar (Rangamatia),22,Lingaraj Station
25,Dumuduma (Ranasinghpur),Mancheswar (Rangamatia),23,Ekamra College
25,Dumuduma (Ranasinghpur),Mancheswar (Rangamatia),24,Bhimatangi
25,Dumuduma (Ranasinghpur),Mancheswar (Rangamatia),25,Poonama Flyover
25,Dumuduma (Ranasinghpur),Mancheswar (Rangamatia),26,Palaspalli
25,Dumuduma (Ranasinghpur),Mancheswar (Rangamatia),27,Naveen Nivas
25,Dumuduma (Ranasinghpur),Mancheswar (Rangamatia),28,Old Airport Sq.
25,Dumuduma (Ranasinghpur),Mancheswar (Rangamatia),29,Forest Park
25,Dumuduma (Ranasinghpur),Mancheswar (Rangamatia),30,Sishu Bhawan Sq.
25,Dumuduma (Ranasinghpur),Mancheswar (Rangamatia),31,Bapuji Nagar
25,Dumuduma (Ranasinghpur),Mancheswar (Rangamatia),32,Rajmahal Sq.
25,Dumuduma (Ranasinghpur),Mancheswar (Rangamatia),33,Ashok Nagar
25,Dumuduma (Ranasinghpur),Mancheswar (Rangamatia),34,Master Canteen
25,Dumuduma (Ranasinghpur),Mancheswar (Rangamatia),35,Bhubaneswar Rly. Stn.
25,Dumuduma (Ranasinghpur),Mancheswar (Rangamatia),36,Master Canteen (Janpath)
25,Dumuduma (Ranasinghpur),Mancheswar (Rangamatia),37,Sriya Sq.
25,Dumuduma (Ranasinghpur),Mancheswar (Rangamatia),38,Ram Mandir
25,Dumuduma (Ranasinghpur),Mancheswar (Rangamatia),39,Satya Nagar Sq.
25,Dumuduma (Ranasinghpur),Mancheswar (Rangamatia),40,Satya Nagar
25,Dumuduma (Ranasinghpur),Mancheswar (Rangamatia),41,Maharshi College Sq.
25,Dumuduma (Ranasinghpur),Mancheswar (Rangamatia),42,Rupali Square
25,Dumuduma (Ranasinghpur),Mancheswar (Rangamatia),43,RD Women's College
25,Dumuduma (Ranasinghpur),Mancheswar (Rangamatia),44,Vani Vihar Sq.
25,Dumuduma (Ranasinghpur),Mancheswar (Rangamatia),45,Satsangha Vihar
25,Dumuduma (Ranasinghpur),Mancheswar (Rangamatia),46,VSS Nagar Road
25,Dumuduma (Ranasinghpur),Mancheswar (Rangamatia),47,PNT Colony
25,Dumuduma (Ranasinghpur),Mancheswar (Rangamatia),48,VSS Nagar
25,Dumuduma (Ranasinghpur),Mancheswar (Rangamatia),49,VSS Nagar Market
25,Dumuduma (Ranasinghpur),Mancheswar (Rangamatia),50,DL Colony
25,Dumuduma (Ranasinghpur),Mancheswar (Rangamatia),51,Dhirikuti Sahi
25,Dumuduma (Ranasinghpur),Mancheswar (Rangamatia),52,Mancheswar Station
25,Dumuduma (Ranasinghpur),Mancheswar (Rangamatia),53,Rangamatia Uparasahi
25,Dumuduma (Ranasinghpur),Mancheswar (Rangamatia),54,Harapriya Enclave
25,Dumuduma (Ranasinghpur),Mancheswar (Rangamatia),55,Ranganath Mandir
25,Dumuduma (Ranasinghpur),Mancheswar (Rangamatia),56,DHPL Sahoo Residency
25,Dumuduma (Ranasinghpur),Mancheswar (Rangamatia),57,Gadakana Village
25,Dumuduma (Ranasinghpur),Mancheswar (Rangamatia),58,Gadakana Yatra Padia
26,Dumduma (Jadupur),Rokat (REC),1,Rajdhani Engg. Collage
26,Dumduma (Jadupur),Rokat (REC),2,Omm Vihar
26,Dumduma (Jadupur),Rokat (REC),3,Bhotapada Sq.
26,Dumduma (Jadupur),Rokat (REC),4,Mancheswar Stn. Back Gate
26,Dumduma (Jadupur),Rokat (REC),5,VSS Nagar Market
26,Dumduma (Jadupur),Rokat (REC),6,ARSS
26,Dumduma (Jadupur),Rokat (REC),7,Chakeisiani
26,Dumduma (Jadupur),Rokat (REC),8,Mancheswar Rly. Stn. Road
26,Dumduma (Jadupur),Rokat (REC),9,CIME College
26,Dumduma (Jadupur),Rokat (REC),10,Idco Tower
26,Dumduma (Jadupur),Rokat (REC),11,SBI Chhak
26,Dumduma (Jadupur),Rokat (REC),12,Mancheswar P.S.
26,Dumduma (Jadupur),Rokat (REC),13,Rasulgarh Square
26,Dumduma (Jadupur),Rokat (REC),14,VSS Nagar Road
26,Dumduma (Jadupur),Rokat (REC),15,Satsangha Vihar
26,Dumduma (Jadupur),Rokat (REC),16,Vani Vihar Square
26,Dumduma (Jadupur),Rokat (REC),17,RD Womens College
26,Dumduma (Jadupur),Rokat (REC),18,Rupali Square
26,Dumduma (Jadupur),Rokat (REC),19,Maharshi College Square
26,Dumduma (Jadupur),Rokat (REC),20,Satya Nagar
26,Dumduma (Jadupur),Rokat (REC),21,Satya Nagar Square
26,Dumduma (Jadupur),Rokat (REC),22,Ram Mandir
26,Dumduma (Jadupur),Rokat (REC),23,Sriya Square
26,Dumduma (Jadupur),Rokat (REC),24,Master Canteen (Janpath)
26,Dumduma (Jadupur),Rokat (REC),25,Bhubaneswar Rly. Stn.
26,Dumduma (Jadupur),Rokat (REC),26,Master Canteen
26,Dumduma (Jadupur),Rokat (REC),27,Ashok Nagar
26,Dumduma (Jadupur),Rokat (REC),28,Raj Mahal Sq.
26,Dumduma (Jadupur),Rokat (REC),29,Unit 1 Haat
26,Dumduma (Jadupur),Rokat (REC),30,AG Square
26,Dumduma (Jadupur),Rokat (REC),31,Capital Hospital
26,Dumduma (Jadupur),Rokat (REC),32,New Airport Square
26,Dumduma (Jadupur),Rokat (REC),33,Unit 6
26,Dumduma (Jadupur),Rokat (REC),34,Ganganagar Square
26,Dumduma (Jadupur),Rokat (REC),35,OUAT College
26,Dumduma (Jadupur),Rokat (REC),36,QUAT Square
26,Dumduma (Jadupur),Rokat (REC),37,City Womens College
26,Dumduma (Jadupur),Rokat (REC),38,Krushi Vihar Sq.
26,Dumduma (Jadupur),Rokat (REC),39,Soubhagya Nagar
26,Dumduma (Jadupur),Rokat (REC),40,Soubhagya Nagar Phase 2
26,Dumduma (Jadupur),Rokat (REC),41,Baramunda Shiva Temple
26,Dumduma (Jadupur),Rokat (REC),42,Dharma Vihar Road
26,Dumduma (Jadupur),Rokat (REC),43,Krishna Garden
26,Dumduma (Jadupur),Rokat (REC),44,Mallick Complex
26,Dumduma (Jadupur),Rokat (REC),45,Jagamara
26,Dumduma (Jadupur),Rokat (REC),46,Jagannath Temple
26,Dumduma (Jadupur),Rokat (REC),47,Khandagiri Square
26,Dumduma (Jadupur),Rokat (REC),48,Kolathia
26,Dumduma (Jadupur),Rokat (REC),49,Aiginia
26,Dumduma (Jadupur),Rokat (REC),50,Cosmopolis
26,Dumduma (Jadupur),Rokat (REC),51,Arya Village
26,Dumduma (Jadupur),Rokat (REC),52,Dumduma Phase-5
26,Dumduma (Jadupur),Rokat (REC),53,Dumduma Square
26,Dumduma (Jadupur),Rokat (REC),54,Dumduma Phase-4
26,Dumduma (Jadupur),Rokat (REC),55,Dumduma Phase-3
26,Dumduma (Jadupur),Rokat (REC),56,Kids Hospital
26,Dumduma (Jadupur),Rokat (REC),57,Dumduma
26,Dumduma (Jadupur),Rokat (REC),58,Dumduma H. Board Colony
26,Dumduma (Jadupur),Rokat (REC),59,Jadupur
27,Bhubaneswar Rly. Stn.,Bhagwanpur,1,Bhubaneswar Railway Station
27,Bhubaneswar Rly. Stn.,Bhagwanpur,2,Master Canteen
27,Bhubaneswar Rly. Stn.,Bhagwanpur,3,Ashok Nagar
27,Bhubaneswar Rly. Stn.,Bhagwanpur,4,Raj Mahal Square
27,Bhubaneswar Rly. Stn.,Bhagwanpur,5,Unit 1 Haat
27,Bhubaneswar Rly. Stn.,Bhagwanpur,6,AG Square
27,Bhubaneswar Rly. Stn.,Bhagwanpur,7,Bhubaneswar Club
27,Bhubaneswar Rly. Stn.,Bhagwanpur,8,Governor House Square
27,Bhubaneswar Rly. Stn.,Bhagwanpur,9,Power House Square
27,Bhubaneswar Rly. Stn.,Bhagwanpur,10,Kalyani Market
27,Bhubaneswar Rly. Stn.,Bhagwanpur,11,Unit-8 Colony
27,Bhubaneswar Rly. Stn.,Bhagwanpur,12,QUAT Guest House
27,Bhubaneswar Rly. Stn.,Bhagwanpur,13,CBI Office
27,Bhubaneswar Rly. Stn.,Bhagwanpur,14,Jaleswar Temple
27,Bhubaneswar Rly. Stn.,Bhagwanpur,15,Delta Square
27,Bhubaneswar Rly. Stn.,Bhagwanpur,16,Vivekanand Hospital
27,Bhubaneswar Rly. Stn.,Bhagwanpur,17,Fire Station Square
27,Bhubaneswar Rly. Stn.,Bhagwanpur,18,Rajdhani College
27,Bhubaneswar Rly. Stn.,Bhagwanpur,19,Baramunda
27,Bhubaneswar Rly. Stn.,Bhagwanpur,20,Baramunda BSABT
27,Bhubaneswar Rly. Stn.,Bhagwanpur,21,Khandagiri Bypass
27,Bhubaneswar Rly. Stn.,Bhagwanpur,22,Khandagiri Square
27,Bhubaneswar Rly. Stn.,Bhagwanpur,23,Kolathia 1
27,Bhubaneswar Rly. Stn.,Bhagwanpur,24,Aiginia 1
27,Bhubaneswar Rly. Stn.,Bhagwanpur,25,Kids Hospital Road
27,Bhubaneswar Rly. Stn.,Bhagwanpur,26,Alu Godam 1
27,Bhubaneswar Rly. Stn.,Bhagwanpur,27,Police Academy
27,Bhubaneswar Rly. Stn.,Bhagwanpur,28,AIIMS
27,Bhubaneswar Rly. Stn.,Bhagwanpur,29,Panchayat Office (Ransinghapur)
27,Bhubaneswar Rly. Stn.,Bhagwanpur,30,Sijua Village Road
27,Bhubaneswar Rly. Stn.,Bhagwanpur,31,Patrapada Village Road
27,Bhubaneswar Rly. Stn.,Bhagwanpur,32,Santosi Maa Temple
27,Bhubaneswar Rly. Stn.,Bhagwanpur,33,Bhagawanpur
28,Bhubaneswar Rly. Stn.,Trident Galaxy,1,Bhubaneswar Railway Station
28,Bhubaneswar Rly. Stn.,Trident Galaxy,2,Master Canteen
28,Bhubaneswar Rly. Stn.,Trident Galaxy,3,Ashok Nagar
28,Bhubaneswar Rly. Stn.,Trident Galaxy,4,Raj Mahal Square
28,Bhubaneswar Rly. Stn.,Trident Galaxy,5,Unit 1 Haat
28,Bhubaneswar Rly. Stn.,Trident Galaxy,6,AG Square
28,Bhubaneswar Rly. Stn.,Trident Galaxy,7,Nautala
28,Bhubaneswar Rly. Stn.,Trident Galaxy,8,Power House Square
28,Bhubaneswar Rly. Stn.,Trident Galaxy,9,Kalyani Market
28,Bhubaneswar Rly. Stn.,Trident Galaxy,10,Unit-8 Square
28,Bhubaneswar Rly. Stn.,Trident Galaxy,11,Passport Office
28,Bhubaneswar Rly. Stn.,Trident Galaxy,12,CPWD Office
28,Bhubaneswar Rly. Stn.,Trident Galaxy,13,CRPF Square
28,Bhubaneswar Rly. Stn.,Trident Galaxy,14,Gopabandhu Nagar
28,Bhubaneswar Rly. Stn.,Trident Galaxy,15,Fire Station Square
28,Bhubaneswar Rly. Stn.,Trident Galaxy,16,Rajdhani College
28,Bhubaneswar Rly. Stn.,Trident Galaxy,17,Baramunda BSABT
28,Bhubaneswar Rly. Stn.,Trident Galaxy,18,Khandagiri Bypass
28,Bhubaneswar Rly. Stn.,Trident Galaxy,19,Khandagiri Square
28,Bhubaneswar Rly. Stn.,Trident Galaxy,20,Kolathia
28,Bhubaneswar Rly. Stn.,Trident Galaxy,21,Jagannatha Temple (Kolathia)
28,Bhubaneswar Rly. Stn.,Trident Galaxy,22,Bank of Baroda (Kolathia)
28,Bhubaneswar Rly. Stn.,Trident Galaxy,23,Binayaka Enclave
28,Bhubaneswar Rly. Stn.,Trident Galaxy,24,Satya Sai Enclave
28,Bhubaneswar Rly. Stn.,Trident Galaxy,25,AMRI Hospital
28,Bhubaneswar Rly. Stn.,Trident Galaxy,26,Jayadev Vatika
28,Bhubaneswar Rly. Stn.,Trident Galaxy,27,Jayadev Vatika Square
28,Bhubaneswar Rly. Stn.,Trident Galaxy,28,Khandagiribari
28,Bhubaneswar Rly. Stn.,Trident Galaxy,29,Naka Gate
28,Bhubaneswar Rly. Stn.,Trident Galaxy,30,CET College
28,Bhubaneswar Rly. Stn.,Trident Galaxy,31,Valia Square
28,Bhubaneswar Rly. Stn.,Trident Galaxy,32,Ghatikia
28,Bhubaneswar Rly. Stn.,Trident Galaxy,33,K7 Kalyan Mandap
28,Bhubaneswar Rly. Stn.,Trident Galaxy,34,Kalinga Nagar
28,Bhubaneswar Rly. Stn.,Trident Galaxy,35,Paikarapur
28,Bhubaneswar Rly. Stn.,Trident Galaxy,36,Paikarapur Housing Colony
28,Bhubaneswar Rly. Stn.,Trident Galaxy,37,Trident Galaxy
29,Bhagwanpur,Sai Mandir,1,Bhagwanpur
29,Bhagwanpur,Sai Mandir,2,Kishor Club (Bhagwanpur)
29,Bhagwanpur,Sai Mandir,3,Balukenswar Temple
29,Bhagwanpur,Sai Mandir,4,Ram Mandira (Bhagwanpur)
29,Bhagwanpur,Sai Mandir,5,K9B
29,Bhagwanpur,Sai Mandir,6,Pal Bhaban Road
29,Bhagwanpur,Sai Mandir,7,Madan Mohan Market
29,Bhagwanpur,Sai Mandir,8,K9 Lane 4
29,Bhagwanpur,Sai Mandir,9,Kalinga Vihar Square
29,Bhagwanpur,Sai Mandir,10,K9
29,Bhagwanpur,Sai Mandir,11,Patrapada 1
29,Bhagwanpur,Sai Mandir,12,Alu Godam
29,Bhagwanpur,Sai Mandir,13,Kids Hospital Road
29,Bhagwanpur,Sai Mandir,14,Aiginia
29,Bhagwanpur,Sai Mandir,15,Kolathia
29,Bhagwanpur,Sai Mandir,16,Khandagiri Square
29,Bhagwanpur,Sai Mandir,17,Khandagiri Bypass
29,Bhagwanpur,Sai Mandir,18,Baramunda BSABT
29,Bhagwanpur,Sai Mandir,19,Baramunda
29,Bhagwanpur,Sai Mandir,20,Rajdhani College
29,Bhagwanpur,Sai Mandir,21,Fire Station Square
29,Bhagwanpur,Sai Mandir,22,Gopabandhu Nagar
29,Bhagwanpur,Sai Mandir,23,CRPF Square
29,Bhagwanpur,Sai Mandir,24,Nayapalli
29,Bhagwanpur,Sai Mandir,25,ISKCON Temple
29,Bhagwanpur,Sai Mandir,26,NABARD
29,Bhagwanpur,Sai Mandir,27,Jaydev Vihar Flyover
29,Bhagwanpur,Sai Mandir,28,IMMT
29,Bhagwanpur,Sai Mandir,29,Acharya Vihar Square
29,Bhagwanpur,Sai Mandir,30,Vani Vihar
29,Bhagwanpur,Sai Mandir,31,Vani Vihar Square
29,Bhagwanpur,Sai Mandir,32,Satsangha Vihar
29,Bhagwanpur,Sai Mandir,33,VSS Nagar Road
29,Bhagwanpur,Sai Mandir,34,Rasulgarh Square
29,Bhagwanpur,Sai Mandir,35,Rasulgarh Market
29,Bhagwanpur,Sai Mandir,36,Bomikhal
29,Bhagwanpur,Sai Mandir,37,Ekamra Talkies
29,Bhagwanpur,Sai Mandir,38,Jharpada
29,Bhagwanpur,Sai Mandir,39,Yatri Nivas
29,Bhagwanpur,Sai Mandir,40,Laxmi Sagar Square
29,Bhagwanpur,Sai Mandir,41,Old Station Bazaar (Rly. Stn.)
29,Bhagwanpur,Sai Mandir,42,Sabarsahi Lane
29,Bhagwanpur,Sai Mandir,43,RI Office
29,Bhagwanpur,Sai Mandir,44,BJEM School
29,Bhagwanpur,Sai Mandir,45,Biswanath Nagar
29,Bhagwanpur,Sai Mandir,46,Badagada Haat
29,Bhagwanpur,Sai Mandir,47,Badagada High School
29,Bhagwanpur,Sai Mandir,48,Badagada P.S.
29,Bhagwanpur,Sai Mandir,49,Panchu Pandav Caves
29,Bhagwanpur,Sai Mandir,50,BDA Park
29,Bhagwanpur,Sai Mandir,51,Badagada Brit Colony
29,Bhagwanpur,Sai Mandir,52,Megheswar Temple
29,Bhagwanpur,Sai Mandir,53,Sai Mandir
30,Bhubaneswar Rly. Stn.,Chatabar,1,Bhubaneswar Rly. Stn.
30,Bhubaneswar Rly. Stn.,Chatabar,2,Master Canteen
30,Bhubaneswar Rly. Stn.,Chatabar,3,Ashok Nagar
30,Bhubaneswar Rly. Stn.,Chatabar,4,Raj Mahal Sq.
30,Bhubaneswar Rly. Stn.,Chatabar,5,Unit 1 Haat
30,Bhubaneswar Rly. Stn.,Chatabar,6,AG Square
30,Bhubaneswar Rly. Stn.,Chatabar,7,Bhubaneswar Club
30,Bhubaneswar Rly. Stn.,Chatabar,8,Governor House Sq.
30,Bhubaneswar Rly. Stn.,Chatabar,9,Surya Nagar
30,Bhubaneswar Rly. Stn.,Chatabar,10,Gopabandhu Sq.
30,Bhubaneswar Rly. Stn.,Chatabar,11,Siripur Market
30,Bhubaneswar Rly. Stn.,Chatabar,12,QUAT Square
30,Bhubaneswar Rly. Stn.,Chatabar,13,City Womens College
30,Bhubaneswar Rly. Stn.,Chatabar,14,Satabdi Nagar
30,Bhubaneswar Rly. Stn.,Chatabar,15,Delta Square
30,Bhubaneswar Rly. Stn.,Chatabar,16,Vivekanand Hospital
30,Bhubaneswar Rly. Stn.,Chatabar,17,Fire Station Sq.
30,Bhubaneswar Rly. Stn.,Chatabar,18,CRPF KV
30,Bhubaneswar Rly. Stn.,Chatabar,19,Rental Colony
30,Bhubaneswar Rly. Stn.,Chatabar,20,Jagannath Vihar
30,Bhubaneswar Rly. Stn.,Chatabar,21,Agriculture Directorate
30,Bhubaneswar Rly. Stn.,Chatabar,22,Kalinga Studio Sq.
30,Bhubaneswar Rly. Stn.,Chatabar,23,Ayurveda College
30,Bhubaneswar Rly. Stn.,Chatabar,24,Shyampur
30,Bhubaneswar Rly. Stn.,Chatabar,25,Sum Hospital
30,Bhubaneswar Rly. Stn.,Chatabar,26,Nuagan Square
30,Bhubaneswar Rly. Stn.,Chatabar,27,Malipada
30,Bhubaneswar Rly. Stn.,Chatabar,28,RI Paikarapur
30,Bhubaneswar Rly. Stn.,Chatabar,29,Gothapatna Sq.
30,Bhubaneswar Rly. Stn.,Chatabar,30,IIIT Square
30,Bhubaneswar Rly. Stn.,Chatabar,31,NALCO Research Center
30,Bhubaneswar Rly. Stn.,Chatabar,32,IIIT
30,Bhubaneswar Rly. Stn.,Chatabar,33,STPI Square
30,Bhubaneswar Rly. Stn.,Chatabar,34,IIIT Square
30,Bhubaneswar Rly. Stn.,Chatabar,35,Paikarapur Road
30,Bhubaneswar Rly. Stn.,Chatabar,36,ROTI
30,Bhubaneswar Rly. Stn.,Chatabar,37,Tarini Temple (Ghangapatna)
30,Bhubaneswar Rly. Stn.,Chatabar,38,Ghangapatna Sq.
30,Bhubaneswar Rly. Stn.,Chatabar,39,Ablaze Homez
30,Bhubaneswar Rly. Stn.,Chatabar,40,Kateni
30,Bhubaneswar Rly. Stn.,Chatabar,41,Kantabada
30,Bhubaneswar Rly. Stn.,Chatabar,42,Sparsh Hospital (Kantabada)
30,Bhubaneswar Rly. Stn.,Chatabar,43,Kantabada
30,Bhubaneswar Rly. Stn.,Chatabar,44,Kateni
30,Bhubaneswar Rly. Stn.,Chatabar,45,Adurta Sishu Sadan
30,Bhubaneswar Rly. Stn.,Chatabar,46,Giringaput
30,Bhubaneswar Rly. Stn.,Chatabar,47,OPTCL Grid Sub Station
30,Bhubaneswar Rly. Stn.,Chatabar,48,Community Health Centre
30,Bhubaneswar Rly. Stn.,Chatabar,49,Mendhasal
30,Bhubaneswar Rly. Stn.,Chatabar,50,Biju Patnaik Open Air Ashram
30,Bhubaneswar Rly. Stn.,Chatabar,51,Chatabar
31,Bhubaneswar Rly. Stn.,Hi-Tech Hospital,1,Bhubaneswar Railway Station
31,Bhubaneswar Rly. Stn.,Hi-Tech Hospital,2,Master Canteen (Janpath)
31,Bhubaneswar Rly. Stn.,Hi-Tech Hospital,3,Sriya Square
31,Bhubaneswar Rly. Stn.,Hi-Tech Hospital,4,Ram Mandir
31,Bhubaneswar Rly. Stn.,Hi-Tech Hospital,5,Odisha Blind Association
31,Bhubaneswar Rly. Stn.,Hi-Tech Hospital,6,Toshali Bhawan
31,Bhubaneswar Rly. Stn.,Hi-Tech Hospital,7,Yatri Nivas
31,Bhubaneswar Rly. Stn.,Hi-Tech Hospital,8,Laxmi Sagar Square
31,Bhubaneswar Rly. Stn.,Hi-Tech Hospital,9,Laxmi Sagar
31,Bhubaneswar Rly. Stn.,Hi-Tech Hospital,10,Laxmi Sagar P.S
31,Bhubaneswar Rly. Stn.,Hi-Tech Hospital,11,Jail Square
31,Bhubaneswar Rly. Stn.,Hi-Tech Hospital,12,Ganesh Mandap
31,Bhubaneswar Rly. Stn.,Hi-Tech Hospital,13,Santi Nagar
31,Bhubaneswar Rly. Stn.,Hi-Tech Hospital,14,Jagannath Nagar Lane 3
31,Bhubaneswar Rly. Stn.,Hi-Tech Hospital,15,Jagannath Nagar Lane 5
31,Bhubaneswar Rly. Stn.,Hi-Tech Hospital,16,Jagannath Nagar Lane 7
31,Bhubaneswar Rly. Stn.,Hi-Tech Hospital,17,Jagannath Nagar Lane 11
31,Bhubaneswar Rly. Stn.,Hi-Tech Hospital,18,Modern School
31,Bhubaneswar Rly. Stn.,Hi-Tech Hospital,19,GGP Colony Road
31,Bhubaneswar Rly. Stn.,Hi-Tech Hospital,20,Pandara
31,Bhubaneswar Rly. Stn.,Hi-Tech Hospital,21,Pandara Market
31,Bhubaneswar Rly. Stn.,Hi-Tech Hospital,22,Hi-Tech Hospital
31,Bhubaneswar Rly. Stn.,Hi-Tech Hospital,23,Hi-Tech Hospital Square
32,Baramunda BSABT,Lingaraj Temple,1,Baramunda BSABT
32,Baramunda BSABT,Lingaraj Temple,2,Rajdhani College
32,Baramunda BSABT,Lingaraj Temple,3,Fire Station Square
32,Baramunda BSABT,Lingaraj Temple,4,Gopabandhu Nagar
32,Baramunda BSABT,Lingaraj Temple,5,CRPF Square
32,Baramunda BSABT,Lingaraj Temple,6,Nayapalli
32,Baramunda BSABT,Lingaraj Temple,7,ISKCON Temple
32,Baramunda BSABT,Lingaraj Temple,8,NABARD
32,Baramunda BSABT,Lingaraj Temple,9,Jaydev Vihar Flyover
32,Baramunda BSABT,Lingaraj Temple,10,IMMT
32,Baramunda BSABT,Lingaraj Temple,11,Acharya Vihar Square
32,Baramunda BSABT,Lingaraj Temple,12,Vani Vihar Square
32,Baramunda BSABT,Lingaraj Temple,13,RD Women's College
32,Baramunda BSABT,Lingaraj Temple,14,Rupali Square
32,Baramunda BSABT,Lingaraj Temple,15,Maharshi College Square
32,Baramunda BSABT,Lingaraj Temple,16,Satya Nagar
32,Baramunda BSABT,Lingaraj Temple,17,Satya Nagar Square
32,Baramunda BSABT,Lingaraj Temple,18,Ram Mandir
32,Baramunda BSABT,Lingaraj Temple,19,Sriya Square
32,Baramunda BSABT,Lingaraj Temple,20,Master Canteen (Janpath)
32,Baramunda BSABT,Lingaraj Temple,21,Bhubaneswar Rly. Stn.
32,Baramunda BSABT,Lingaraj Temple,22,Master Canteen
32,Baramunda BSABT,Lingaraj Temple,23,Ashok Nagar
32,Baramunda BSABT,Lingaraj Temple,24,Rajmahal Square
32,Baramunda BSABT,Lingaraj Temple,25,Kalpana Square
32,Baramunda BSABT,Lingaraj Temple,26,State Museum
32,Baramunda BSABT,Lingaraj Temple,27,BJB College
32,Baramunda BSABT,Lingaraj Temple,28,NCC Canteen
32,Baramunda BSABT,Lingaraj Temple,29,Shree Hospital
32,Baramunda BSABT,Lingaraj Temple,30,Ravi Talkies Square
32,Baramunda BSABT,Lingaraj Temple,31,Kedar Gouri Temple
32,Baramunda BSABT,Lingaraj Temple,32,Gouri Nagar
32,Baramunda BSABT,Lingaraj Temple,33,Lingaraj Temple Road
32,Baramunda BSABT,Lingaraj Temple,34,Mahavir Chowk
32,Baramunda BSABT,Lingaraj Temple,35,Samantarapur
32,Baramunda BSABT,Lingaraj Temple,36,Lingaraj Temple
33,Bhubaneswar Rly. Stn.,Pipili,1,Bhubaneswar Railway Station
33,Bhubaneswar Rly. Stn.,Pipili,2,Master Canteen
33,Bhubaneswar Rly. Stn.,Pipili,3,Ashok Nagar
33,Bhubaneswar Rly. Stn.,Pipili,4,Raj Mahal Square
33,Bhubaneswar Rly. Stn.,Pipili,5,Kalpana Square
33,Bhubaneswar Rly. Stn.,Pipili,6,State Museum
33,Bhubaneswar Rly. Stn.,Pipili,7,BJB College
33,Bhubaneswar Rly. Stn.,Pipili,8,NCC Canteen
33,Bhubaneswar Rly. Stn.,Pipili,9,Shree Hospital
33,Bhubaneswar Rly. Stn.,Pipili,10,Ravi Talkies
33,Bhubaneswar Rly. Stn.,Pipili,11,Kedar Gouri Temple
33,Bhubaneswar Rly. Stn.,Pipili,12,Gouri Nagar
33,Bhubaneswar Rly. Stn.,Pipili,13,Lingraj Temple Road
33,Bhubaneswar Rly. Stn.,Pipili,14,Mahavir Chowk
33,Bhubaneswar Rly. Stn.,Pipili,15,Samantarapur
33,Bhubaneswar Rly. Stn.,Pipili,16,Gangua Bridge
33,Bhubaneswar Rly. Stn.,Pipili,17,Nuagaon
33,Bhubaneswar Rly. Stn.,Pipili,18,Sishupalgarh
33,Bhubaneswar Rly. Stn.,Pipili,19,Lingipur
33,Bhubaneswar Rly. Stn.,Pipili,20,Sri Sri Borda Hospital
33,Bhubaneswar Rly. Stn.,Pipili,21,Nathapur
33,Bhubaneswar Rly. Stn.,Pipili,22,Dhauli Square
33,Bhubaneswar Rly. Stn.,Pipili,23,Bali Sahi
33,Bhubaneswar Rly. Stn.,Pipili,24,Uttara Square
33,Bhubaneswar Rly. Stn.,Pipili,25,CIFA
33,Bhubaneswar Rly. Stn.,Pipili,26,KEC College
33,Bhubaneswar Rly. Stn.,Pipili,27,Gudia Pokhari Square
33,Bhubaneswar Rly. Stn.,Pipili,28,Hi-Tech Heaven
33,Bhubaneswar Rly. Stn.,Pipili,29,Siula
33,Bhubaneswar Rly. Stn.,Pipili,30,Lordsway Apartment
33,Bhubaneswar Rly. Stn.,Pipili,31,Gobardhanpur
33,Bhubaneswar Rly. Stn.,Pipili,32,Jhinkirimal
33,Bhubaneswar Rly. Stn.,Pipili,33,Jaishpatna Chowk
33,Bhubaneswar Rly. Stn.,Pipili,34,Pipili Bypass
33,Bhubaneswar Rly. Stn.,Pipili,35,Pipili Over Bridge Square
33,Bhubaneswar Rly. Stn.,Pipili,36,Pipili P.S.
33,Bhubaneswar Rly. Stn.,Pipili,37,Pipili Market
33,Bhubaneswar Rly. Stn.,Pipili,38,Pipili Hospital
33,Bhubaneswar Rly. Stn.,Pipili,39,Pipili Court
33,Bhubaneswar Rly. Stn.,Pipili,40,Danda Mukundapur
33,Bhubaneswar Rly. Stn.,Pipili,41,Danda Mukundapur Bypass
34,Bhubaneswar Rly. Stn.,"Sai Hospital, Balakati",1,Bhubaneswar Rly. Stn.
34,Bhubaneswar Rly. Stn.,"Sai Hospital, Balakati",2,Master Canteen
34,Bhubaneswar Rly. Stn.,"Sai Hospital, Balakati",3,Ashok Nagar
34,Bhubaneswar Rly. Stn.,"Sai Hospital, Balakati",4,Rajmahal Square
34,Bhubaneswar Rly. Stn.,"Sai Hospital, Balakati",5,Kalpana Square
34,Bhubaneswar Rly. Stn.,"Sai Hospital, Balakati",6,State Museum
34,Bhubaneswar Rly. Stn.,"Sai Hospital, Balakati",7,BJB College
34,Bhubaneswar Rly. Stn.,"Sai Hospital, Balakati",8,NCC Canteen
34,Bhubaneswar Rly. Stn.,"Sai Hospital, Balakati",9,Shree Hospital
34,Bhubaneswar Rly. Stn.,"Sai Hospital, Balakati",10,Ravi Talkies
34,Bhubaneswar Rly. Stn.,"Sai Hospital, Balakati",11,Kedar Gouri Temple
34,Bhubaneswar Rly. Stn.,"Sai Hospital, Balakati",12,Gouri Nagar
34,Bhubaneswar Rly. Stn.,"Sai Hospital, Balakati",13,Lingaraj Temple Road
34,Bhubaneswar Rly. Stn.,"Sai Hospital, Balakati",14,Mahavir Chowk
34,Bhubaneswar Rly. Stn.,"Sai Hospital, Balakati",15,Samantarapur
34,Bhubaneswar Rly. Stn.,"Sai Hospital, Balakati",16,Gangua Bridge
34,Bhubaneswar Rly. Stn.,"Sai Hospital, Balakati",17,Nuagaon
34,Bhubaneswar Rly. Stn.,"Sai Hospital, Balakati",18,Sishupalgarh
34,Bhubaneswar Rly. Stn.,"Sai Hospital, Balakati",19,Lingipur
34,Bhubaneswar Rly. Stn.,"Sai Hospital, Balakati",20,Sri Sri Borda Hospital
34,Bhubaneswar Rly. Stn.,"Sai Hospital, Balakati",21,Nathapur
34,Bhubaneswar Rly. Stn.,"Sai Hospital, Balakati",22,Dhauli Square
34,Bhubaneswar Rly. Stn.,"Sai Hospital, Balakati",23,Balisahi
34,Bhubaneswar Rly. Stn.,"Sai Hospital, Balakati",24,Uttara Square
34,Bhubaneswar Rly. Stn.,"Sai Hospital, Balakati",25,Saradeipur
34,Bhubaneswar Rly. Stn.,"Sai Hospital, Balakati",26,Balakati Government School
34,Bhubaneswar Rly. Stn.,"Sai Hospital, Balakati",27,Balakati
34,Bhubaneswar Rly. Stn.,"Sai Hospital, Balakati",28,Balakati Post Office
34,Bhubaneswar Rly. Stn.,"Sai Hospital, Balakati",29,Duladei Temple
34,Bhubaneswar Rly. Stn.,"Sai Hospital, Balakati",30,Sai Hospital
35/35E,Bhubaneswar Rly. Stn.,Adaspur,1,Bhubaneswar Rly. Stn.
35/35E,Bhubaneswar Rly. Stn.,Adaspur,2,Master Canteen
35/35E,Bhubaneswar Rly. Stn.,Adaspur,3,Ashok Nagar
35/35E,Bhubaneswar Rly. Stn.,Adaspur,4,Raj Mahal Square
35/35E,Bhubaneswar Rly. Stn.,Adaspur,5,Kalpana Square
35/35E,Bhubaneswar Rly. Stn.,Adaspur,6,Sabarsahi Lane
35/35E,Bhubaneswar Rly. Stn.,Adaspur,7,Old Station Bazaar
35/35E,Bhubaneswar Rly. Stn.,Adaspur,8,Laxmi Sagar Square
35/35E,Bhubaneswar Rly. Stn.,Adaspur,9,Yatri Nivas
35/35E,Bhubaneswar Rly. Stn.,Adaspur,10,Jharpada
35/35E,Bhubaneswar Rly. Stn.,Adaspur,11,Ekamra Talkies
35/35E,Bhubaneswar Rly. Stn.,Adaspur,12,Bomikhal
35/35E,Bhubaneswar Rly. Stn.,Adaspur,13,Rasulgarh Market
35/35E,Bhubaneswar Rly. Stn.,Adaspur,14,Rasulgarh Square
35/35E,Bhubaneswar Rly. Stn.,Adaspur,15,Palasuni
35/35E,Bhubaneswar Rly. Stn.,Adaspur,16,Saptasati Temple
35/35E,Bhubaneswar Rly. Stn.,Adaspur,17,Hi-Tech Hospital Square
35/35E,Bhubaneswar Rly. Stn.,Adaspur,18,Hanspal Square
35/35E,Bhubaneswar Rly. Stn.,Adaspur,19,Hanspala
35/35E,Bhubaneswar Rly. Stn.,Adaspur,20,Jogamaya Market
35/35E,Bhubaneswar Rly. Stn.,Adaspur,21,Balianta Bazar
35/35E,Bhubaneswar Rly. Stn.,Adaspur,22,Andilo
35/35E,Bhubaneswar Rly. Stn.,Adaspur,23,Siphon Chowk
35/35E,Bhubaneswar Rly. Stn.,Adaspur,24,Talagada
35/35E,Bhubaneswar Rly. Stn.,Adaspur,25,J. Nehru Mahavidyalaya
35/35E,Bhubaneswar Rly. Stn.,Adaspur,26,Benupur
35/35E,Bhubaneswar Rly. Stn.,Adaspur,27,Balikanthia
35/35E,Bhubaneswar Rly. Stn.,Adaspur,28,Ramachandrapur
35/35E,Bhubaneswar Rly. Stn.,Adaspur,29,Nachhipur
35/35E,Bhubaneswar Rly. Stn.,Adaspur,30,Suddhananda Group of Institutions (35E only)
35/35E,Bhubaneswar Rly. Stn.,Adaspur,31,Singada Sahi
35/35E,Bhubaneswar Rly. Stn.,Adaspur,32,Jitikara Suala
35/35E,Bhubaneswar Rly. Stn.,Adaspur,33,Sonthalia Rice Mill
35/35E,Bhubaneswar Rly. Stn.,Adaspur,34,Nursingha Temple
35/35E,Bhubaneswar Rly. Stn.,Adaspur,35,Betenda
35/35E,Bhubaneswar Rly. Stn.,Adaspur,36,Kulasahi
35/35E,Bhubaneswar Rly. Stn.,Adaspur,37,Pratapruidrapur GP
35/35E,Bhubaneswar Rly. Stn.,Adaspur,38,Pratapruidrapur
35/35E,Bhubaneswar Rly. Stn.,Adaspur,39,Apata Sahi
35/35E,Bhubaneswar Rly. Stn.,Adaspur,40,Upara Sahi
35/35E,Bhubaneswar Rly. Stn.,Adaspur,41,Jayadev Pitha or Kendubilwa
35/35E,Bhubaneswar Rly. Stn.,Adaspur,42,Phiriphira
35/35E,Bhubaneswar Rly. Stn.,Adaspur,43,Barahipur
35/35E,Bhubaneswar Rly. Stn.,Adaspur,44,Adaspur Bus Stand
35/35E,Bhubaneswar Rly. Stn.,Adaspur,45,Adaspur Hospital
35/35E,Bhubaneswar Rly. Stn.,Adaspur,46,Udayanath College
36,Bhubaneswar Rly. Stn.,Jagadguru Krupalu University,1,Bhubaneswar Railway Station
36,Bhubaneswar Rly. Stn.,Jagadguru Krupalu University,2,Master Canteen (Janpath)
36,Bhubaneswar Rly. Stn.,Jagadguru Krupalu University,3,Sriya Square
36,Bhubaneswar Rly. Stn.,Jagadguru Krupalu University,4,Ram Mandir
36,Bhubaneswar Rly. Stn.,Jagadguru Krupalu University,5,Satya Nagar Square
36,Bhubaneswar Rly. Stn.,Jagadguru Krupalu University,6,Satya Nagar
36,Bhubaneswar Rly. Stn.,Jagadguru Krupalu University,7,Maharshi College Square
36,Bhubaneswar Rly. Stn.,Jagadguru Krupalu University,8,Rupali Square
36,Bhubaneswar Rly. Stn.,Jagadguru Krupalu University,9,RD Womens College
36,Bhubaneswar Rly. Stn.,Jagadguru Krupalu University,10,Vani Vihar Square
36,Bhubaneswar Rly. Stn.,Jagadguru Krupalu University,11,Acharya Vihar Square
36,Bhubaneswar Rly. Stn.,Jagadguru Krupalu University,12,IMMT
36,Bhubaneswar Rly. Stn.,Jagadguru Krupalu University,13,Jaydev Vihar Square
36,Bhubaneswar Rly. Stn.,Jagadguru Krupalu University,14,Pal Heights
36,Bhubaneswar Rly. Stn.,Jagadguru Krupalu University,15,Mayfair Road
36,Bhubaneswar Rly. Stn.,Jagadguru Krupalu University,16,Janata Maidan
36,Bhubaneswar Rly. Stn.,Jagadguru Krupalu University,17,Xavier Square
36,Bhubaneswar Rly. Stn.,Jagadguru Krupalu University,18,Fortune Tower
36,Bhubaneswar Rly. Stn.,Jagadguru Krupalu University,19,Kalinga Hospital Square
36,Bhubaneswar Rly. Stn.,Jagadguru Krupalu University,20,Rail Sadan
36,Bhubaneswar Rly. Stn.,Jagadguru Krupalu University,21,Omfed Square
36,Bhubaneswar Rly. Stn.,Jagadguru Krupalu University,22,Niladri Vihar Square
36,Bhubaneswar Rly. Stn.,Jagadguru Krupalu University,23,Damana Square
36,Bhubaneswar Rly. Stn.,Jagadguru Krupalu University,24,Chandrashekharpur P.S.
36,Bhubaneswar Rly. Stn.,Jagadguru Krupalu University,25,Patia Square
36,Bhubaneswar Rly. Stn.,Jagadguru Krupalu University,26,Koel Campus
36,Bhubaneswar Rly. Stn.,Jagadguru Krupalu University,27,Kanan Vihar Phase-2
36,Bhubaneswar Rly. Stn.,Jagadguru Krupalu University,28,KIIT Square
36,Bhubaneswar Rly. Stn.,Jagadguru Krupalu University,29,Sikharchandi Vihar
36,Bhubaneswar Rly. Stn.,Jagadguru Krupalu University,30,Nandan Vihar
36,Bhubaneswar Rly. Stn.,Jagadguru Krupalu University,31,Mani Tribhuvan
36,Bhubaneswar Rly. Stn.,Jagadguru Krupalu University,32,Royal Lagoon
36,Bhubaneswar Rly. Stn.,Jagadguru Krupalu University,33,Raghunathpur
36,Bhubaneswar Rly. Stn.,Jagadguru Krupalu University,34,Raghunathpur Village
36,Bhubaneswar Rly. Stn.,Jagadguru Krupalu University,35,Dauladei Temple
36,Bhubaneswar Rly. Stn.,Jagadguru Krupalu University,36,Nandankanan High School
36,Bhubaneswar Rly. Stn.,Jagadguru Krupalu University,37,Nandankanan
36,Bhubaneswar Rly. Stn.,Jagadguru Krupalu University,38,Barang
36,Bhubaneswar Rly. Stn.,Jagadguru Krupalu University,39,Barang P.S.
36,Bhubaneswar Rly. Stn.,Jagadguru Krupalu University,40,Barang Block
36,Bhubaneswar Rly. Stn.,Jagadguru Krupalu University,41,Bachhipur
36,Bhubaneswar Rly. Stn.,Jagadguru Krupalu University,42,Madhuban
36,Bhubaneswar Rly. Stn.,Jagadguru Krupalu University,43,Trisulia Square
36,Bhubaneswar Rly. Stn.,Jagadguru Krupalu University,44,Kunheipara
36,Bhubaneswar Rly. Stn.,Jagadguru Krupalu University,45,Judicial Academy
36,Bhubaneswar Rly. Stn.,Jagadguru Krupalu University,46,ABIT
36,Bhubaneswar Rly. Stn.,Jagadguru Krupalu University,47,CDA Sec-6 Road
36,Bhubaneswar Rly. Stn.,Jagadguru Krupalu University,48,CDA Sec-7 Road
36,Bhubaneswar Rly. Stn.,Jagadguru Krupalu University,49,Abhinab Bidanasi Sub Post Office
36,Bhubaneswar Rly. Stn.,Jagadguru Krupalu University,50,CDA Sec-9 Road
36,Bhubaneswar Rly. Stn.,Jagadguru Krupalu University,51,Riverine Hospital
36,Bhubaneswar Rly. Stn.,Jagadguru Krupalu University,52,CDA Sector-10
36,Bhubaneswar Rly. Stn.,Jagadguru Krupalu University,53,CDA Sector-11
36,Bhubaneswar Rly. Stn.,Jagadguru Krupalu University,54,Netaji Subhash Chhak
36,Bhubaneswar Rly. Stn.,Jagadguru Krupalu University,55,CDA Sector-13
36,Bhubaneswar Rly. Stn.,Jagadguru Krupalu University,56,NLU
36,Bhubaneswar Rly. Stn.,Jagadguru Krupalu University,57,Naraj Barrage
36,Bhubaneswar Rly. Stn.,Jagadguru Krupalu University,58,Naraj Railway Station Road
36,Bhubaneswar Rly. Stn.,Jagadguru Krupalu University,59,Naraj G.P
36,Bhubaneswar Rly. Stn.,Jagadguru Krupalu University,60,Peacock Valley
36,Bhubaneswar Rly. Stn.,Jagadguru Krupalu University,61,CPDO
36,Bhubaneswar Rly. Stn.,Jagadguru Krupalu University,62,Talagarh
36,Bhubaneswar Rly. Stn.,Jagadguru Krupalu University,63,Sana Mundali
36,Bhubaneswar Rly. Stn.,Jagadguru Krupalu University,64,Mundali Barrage
36,Bhubaneswar Rly. Stn.,Jagadguru Krupalu University,65,Mundali
36,Bhubaneswar Rly. Stn.,Jagadguru Krupalu University,66,Jawahar Navodaya Vidyalaya
36,Bhubaneswar Rly. Stn.,Jagadguru Krupalu University,67,Govindpur Chaka
36,Bhubaneswar Rly. Stn.,Jagadguru Krupalu University,68,Nigam Institute
36,Bhubaneswar Rly. Stn.,Jagadguru Krupalu University,69,Ramachandi Bazar
36,Bhubaneswar Rly. Stn.,Jagadguru Krupalu University,70,Jagadguru Krupalu University
37,Baramunda BSABT,Naraj Marthapur Rly. Stn.,1,Baramunda BSABT
37,Baramunda BSABT,Naraj Marthapur Rly. Stn.,2,Rajdhani College
37,Baramunda BSABT,Naraj Marthapur Rly. Stn.,3,Fire Station Square
37,Baramunda BSABT,Naraj Marthapur Rly. Stn.,4,Gopabandhu Nagar
37,Baramunda BSABT,Naraj Marthapur Rly. Stn.,5,CRPF Square
37,Baramunda BSABT,Naraj Marthapur Rly. Stn.,6,Nayapalli
37,Baramunda BSABT,Naraj Marthapur Rly. Stn.,7,ISKCON Temple
37,Baramunda BSABT,Naraj Marthapur Rly. Stn.,8,NABARD
37,Baramunda BSABT,Naraj Marthapur Rly. Stn.,9,Jaydev Vihar Square
37,Baramunda BSABT,Naraj Marthapur Rly. Stn.,10,Pal Heights
37,Baramunda BSABT,Naraj Marthapur Rly. Stn.,11,Mayfair Road
37,Baramunda BSABT,Naraj Marthapur Rly. Stn.,12,Janata Maidan
37,Baramunda BSABT,Naraj Marthapur Rly. Stn.,13,Xavier Square
37,Baramunda BSABT,Naraj Marthapur Rly. Stn.,14,Fortune Tower
37,Baramunda BSABT,Naraj Marthapur Rly. Stn.,15,Kalinga Hospital Square
37,Baramunda BSABT,Naraj Marthapur Rly. Stn.,16,Rail Sadan
37,Baramunda BSABT,Naraj Marthapur Rly. Stn.,17,Omfed Square
37,Baramunda BSABT,Naraj Marthapur Rly. Stn.,18,Niladri Vihar Square
37,Baramunda BSABT,Naraj Marthapur Rly. Stn.,19,Damana Square
37,Baramunda BSABT,Naraj Marthapur Rly. Stn.,20,Chandrasekharpur P.S.
37,Baramunda BSABT,Naraj Marthapur Rly. Stn.,21,Patia Square
37,Baramunda BSABT,Naraj Marthapur Rly. Stn.,22,Koel Campus
37,Baramunda BSABT,Naraj Marthapur Rly. Stn.,23,Kanan Vihar Phase 2
37,Baramunda BSABT,Naraj Marthapur Rly. Stn.,24,KIIT Square
37,Baramunda BSABT,Naraj Marthapur Rly. Stn.,25,Sikharchandi Vihar
37,Baramunda BSABT,Naraj Marthapur Rly. Stn.,26,Nandan Vihar
37,Baramunda BSABT,Naraj Marthapur Rly. Stn.,27,Mani Tribhuvan
37,Baramunda BSABT,Naraj Marthapur Rly. Stn.,28,Royal Lagoon
37,Baramunda BSABT,Naraj Marthapur Rly. Stn.,29,Raghunathpur
37,Baramunda BSABT,Naraj Marthapur Rly. Stn.,30,Raghunathpur Village
37,Baramunda BSABT,Naraj Marthapur Rly. Stn.,31,Duladei Temple
37,Baramunda BSABT,Naraj Marthapur Rly. Stn.,32,Nandankanan High School
37,Baramunda BSABT,Naraj Marthapur Rly. Stn.,33,Nandankanan
37,Baramunda BSABT,Naraj Marthapur Rly. Stn.,34,Baranga
37,Baramunda BSABT,Naraj Marthapur Rly. Stn.,35,Baranga Police Station
37,Baramunda BSABT,Naraj Marthapur Rly. Stn.,36,Baranga Block
37,Baramunda BSABT,Naraj Marthapur Rly. Stn.,37,Bachhipur
37,Baramunda BSABT,Naraj Marthapur Rly. Stn.,38,Madhuban
37,Baramunda BSABT,Naraj Marthapur Rly. Stn.,39,Trisulia Square
37,Baramunda BSABT,Naraj Marthapur Rly. Stn.,40,Mundamuhan Square
37,Baramunda BSABT,Naraj Marthapur Rly. Stn.,41,Fakirpada
37,Baramunda BSABT,Naraj Marthapur Rly. Stn.,42,Presidency Resorts
37,Baramunda BSABT,Naraj Marthapur Rly. Stn.,43,Patapur
37,Baramunda BSABT,Naraj Marthapur Rly. Stn.,44,Padmalava Nagar
37,Baramunda BSABT,Naraj Marthapur Rly. Stn.,45,Hanuman Temple Sandhapur
37,Baramunda BSABT,Naraj Marthapur Rly. Stn.,46,Bidyadharpur
37,Baramunda BSABT,Naraj Marthapur Rly. Stn.,47,Sandhapur
37,Baramunda BSABT,Naraj Marthapur Rly. Stn.,48,Sandhapur HWC
37,Baramunda BSABT,Naraj Marthapur Rly. Stn.,49,Sri Sri University Gate No-1
37,Baramunda BSABT,Naraj Marthapur Rly. Stn.,50,Omfed Dairy
37,Baramunda BSABT,Naraj Marthapur Rly. Stn.,51,Inspection and Certification Center
37,Baramunda BSABT,Naraj Marthapur Rly. Stn.,52,Naraj Barrage
37,Baramunda BSABT,Naraj Marthapur Rly. Stn.,53,Naraj Rly. Stn. Road
37,Baramunda BSABT,Naraj Marthapur Rly. Stn.,54,Marthapur
37,Baramunda BSABT,Naraj Marthapur Rly. Stn.,55,Naraj Marthapur Rly. Stn.
38,Bhubaneswar Rly. Stn.,Taraboi,1,Bhubaneswar Rly. Stn.
38,Bhubaneswar Rly. Stn.,Taraboi,2,Master Canteen (Janpath)
38,Bhubaneswar Rly. Stn.,Taraboi,3,Sriya Square
38,Bhubaneswar Rly. Stn.,Taraboi,4,Ram Mandir
38,Bhubaneswar Rly. Stn.,Taraboi,5,Satya Nagar Square
38,Bhubaneswar Rly. Stn.,Taraboi,6,Satya Nagar
38,Bhubaneswar Rly. Stn.,Taraboi,7,Maharshi College Square
38,Bhubaneswar Rly. Stn.,Taraboi,8,Rupali Square
38,Bhubaneswar Rly. Stn.,Taraboi,9,RD Womens College
38,Bhubaneswar Rly. Stn.,Taraboi,10,Vani Vihar Square
38,Bhubaneswar Rly. Stn.,Taraboi,11,Acharya Vihar Square
38,Bhubaneswar Rly. Stn.,Taraboi,12,IMMT
38,Bhubaneswar Rly. Stn.,Taraboi,13,Jaydev Vihar Square
38,Bhubaneswar Rly. Stn.,Taraboi,14,NABARD
38,Bhubaneswar Rly. Stn.,Taraboi,15,ISKCON Temple
38,Bhubaneswar Rly. Stn.,Taraboi,16,Nayapalli
38,Bhubaneswar Rly. Stn.,Taraboi,17,CRPF Square
38,Bhubaneswar Rly. Stn.,Taraboi,18,Gopabandhu Nagar
38,Bhubaneswar Rly. Stn.,Taraboi,19,Fire Station Square
38,Bhubaneswar Rly. Stn.,Taraboi,20,Rajdhani College
38,Bhubaneswar Rly. Stn.,Taraboi,21,Baramunda
38,Bhubaneswar Rly. Stn.,Taraboi,22,Baramunda BSABT
38,Bhubaneswar Rly. Stn.,Taraboi,23,Khandagiri Bypass
38,Bhubaneswar Rly. Stn.,Taraboi,24,Khandagiri Square
38,Bhubaneswar Rly. Stn.,Taraboi,25,Kolathia
38,Bhubaneswar Rly. Stn.,Taraboi,26,Aiginia
38,Bhubaneswar Rly. Stn.,Taraboi,27,Alu Godam
38,Bhubaneswar Rly. Stn.,Taraboi,28,Patrapada
38,Bhubaneswar Rly. Stn.,Taraboi,29,K9
38,Bhubaneswar Rly. Stn.,Taraboi,30,Kalinga Vihar Square
38,Bhubaneswar Rly. Stn.,Taraboi,31,Tamando
38,Bhubaneswar Rly. Stn.,Taraboi,32,Bijipur
38,Bhubaneswar Rly. Stn.,Taraboi,33,Gohiria Square
38,Bhubaneswar Rly. Stn.,Taraboi,34,Retang Road Square
38,Bhubaneswar Rly. Stn.,Taraboi,35,Janla Post Office
38,Bhubaneswar Rly. Stn.,Taraboi,36,Janla Medical
38,Bhubaneswar Rly. Stn.,Taraboi,37,Bhuasuni Temple
38,Bhubaneswar Rly. Stn.,Taraboi,38,Jatani Gate
38,Bhubaneswar Rly. Stn.,Taraboi,39,Gangapada
38,Bhubaneswar Rly. Stn.,Taraboi,40,Pitapalli Square
38,Bhubaneswar Rly. Stn.,Taraboi,41,Khordha Bypass Square
38,Bhubaneswar Rly. Stn.,Taraboi,42,BSF Battalion Camp
38,Bhubaneswar Rly. Stn.,Taraboi,43,Padanpur
38,Bhubaneswar Rly. Stn.,Taraboi,44,NISER
38,Bhubaneswar Rly. Stn.,Taraboi,45,IIT Road
38,Bhubaneswar Rly. Stn.,Taraboi,46,Bhakti Vedanta Institute
38,Bhubaneswar Rly. Stn.,Taraboi,47,IIT
38,Bhubaneswar Rly. Stn.,Taraboi,48,Swosti
38,Bhubaneswar Rly. Stn.,Taraboi,49,Cohen
38,Bhubaneswar Rly. Stn.,Taraboi,50,SDI
38,Bhubaneswar Rly. Stn.,Taraboi,51,Tite
38,Bhubaneswar Rly. Stn.,Taraboi,52,Taraboi
39,Bhubaneswar Rly. Stn.,AIIMS,1,Bhubaneswar Rly. Stn.
39,Bhubaneswar Rly. Stn.,AIIMS,2,Master Canteen
39,Bhubaneswar Rly. Stn.,AIIMS,3,Ashok Nagar
39,Bhubaneswar Rly. Stn.,AIIMS,4,Rajmahal Square
39,Bhubaneswar Rly. Stn.,AIIMS,5,Unit 1 Haat
39,Bhubaneswar Rly. Stn.,AIIMS,6,AG Square
39,Bhubaneswar Rly. Stn.,AIIMS,7,Capital Hospital
39,Bhubaneswar Rly. Stn.,AIIMS,8,New Airport Square
39,Bhubaneswar Rly. Stn.,AIIMS,9,Old Airport Square
39,Bhubaneswar Rly. Stn.,AIIMS,10,Naveen Niwas
39,Bhubaneswar Rly. Stn.,AIIMS,11,Palaspalli
39,Bhubaneswar Rly. Stn.,AIIMS,12,Poonama Flyover
39,Bhubaneswar Rly. Stn.,AIIMS,13,Bhimatangi
39,Bhubaneswar Rly. Stn.,AIIMS,14,Ekamra College
39,Bhubaneswar Rly. Stn.,AIIMS,15,Lingaraj Station
39,Bhubaneswar Rly. Stn.,AIIMS,16,Sundarpada Hata
39,Bhubaneswar Rly. Stn.,AIIMS,17,Pokhariput
39,Bhubaneswar Rly. Stn.,AIIMS,18,Housing Board Colony
39,Bhubaneswar Rly. Stn.,AIIMS,19,Madhusudan Park
39,Bhubaneswar Rly. Stn.,AIIMS,20,Kala Bhoomi
39,Bhubaneswar Rly. Stn.,AIIMS,21,Gandamunda
39,Bhubaneswar Rly. Stn.,AIIMS,22,ITER College
39,Bhubaneswar Rly. Stn.,AIIMS,23,Jagamara
39,Bhubaneswar Rly. Stn.,AIIMS,24,Jagannath Temple
39,Bhubaneswar Rly. Stn.,AIIMS,25,Khandagiri Square
39,Bhubaneswar Rly. Stn.,AIIMS,26,Kolathia
39,Bhubaneswar Rly. Stn.,AIIMS,27,Aiginia
39,Bhubaneswar Rly. Stn.,AIIMS,28,Kids Hospital Road
39,Bhubaneswar Rly. Stn.,AIIMS,29,Alu Godam
39,Bhubaneswar Rly. Stn.,AIIMS,30,Police Academy
39,Bhubaneswar Rly. Stn.,AIIMS,31,AIIMS
40,AIIMS,Sai Mandir (Kesora),1,AIIMS
40,AIIMS,Sai Mandir (Kesora),2,Police Academy
40,AIIMS,Sai Mandir (Kesora),3,Alu Godam
40,AIIMS,Sai Mandir (Kesora),4,Patrapada
40,AIIMS,Sai Mandir (Kesora),5,Alu Godam 1
40,AIIMS,Sai Mandir (Kesora),6,Kids Hospital Road
40,AIIMS,Sai Mandir (Kesora),7,Aiginia
40,AIIMS,Sai Mandir (Kesora),8,Kolathia
40,AIIMS,Sai Mandir (Kesora),9,Khandagiri Square
40,AIIMS,Sai Mandir (Kesora),10,Khandagiri Bypass
40,AIIMS,Sai Mandir (Kesora),11,Baramunda BSABT
40,AIIMS,Sai Mandir (Kesora),12,Baramunda
40,AIIMS,Sai Mandir (Kesora),13,Rajdhani College
40,AIIMS,Sai Mandir (Kesora),14,Fire Station Square
40,AIIMS,Sai Mandir (Kesora),15,Vivekanand Hospital
40,AIIMS,Sai Mandir (Kesora),16,Delta Square
40,AIIMS,Sai Mandir (Kesora),17,Satabdi Nagar
40,AIIMS,Sai Mandir (Kesora),18,City Women's College
40,AIIMS,Sai Mandir (Kesora),19,QUAT Square
40,AIIMS,Sai Mandir (Kesora),20,OUAT College
40,AIIMS,Sai Mandir (Kesora),21,Ganganagar Square
40,AIIMS,Sai Mandir (Kesora),22,Unit 6
40,AIIMS,Sai Mandir (Kesora),23,New Airport Square
40,AIIMS,Sai Mandir (Kesora),24,Capital Hospital
40,AIIMS,Sai Mandir (Kesora),25,AG Square
40,AIIMS,Sai Mandir (Kesora),26,Unit 1 Haat
40,AIIMS,Sai Mandir (Kesora),27,Raj Mahal Square
40,AIIMS,Sai Mandir (Kesora),28,Kalpana Square
40,AIIMS,Sai Mandir (Kesora),29,RI Office
40,AIIMS,Sai Mandir (Kesora),30,BJEM School
40,AIIMS,Sai Mandir (Kesora),31,Biswanath Nagar
40,AIIMS,Sai Mandir (Kesora),32,Badagada Haat
40,AIIMS,Sai Mandir (Kesora),33,Badagada High School
40,AIIMS,Sai Mandir (Kesora),34,Badagada P.S.
40,AIIMS,Sai Mandir (Kesora),35,Panchu Pandav Caves
40,AIIMS,Sai Mandir (Kesora),36,BDA Park
40,AIIMS,Sai Mandir (Kesora),37,Badagada Brit Colony
40,AIIMS,Sai Mandir (Kesora),38,Megheswar Temple
40,AIIMS,Sai Mandir (Kesora),39,Sai Mandir
40,AIIMS,Sai Mandir (Kesora),40,SR Valley
40,AIIMS,Sai Mandir (Kesora),41,Mangraj Point
40,AIIMS,Sai Mandir (Kesora),42,Jena Market
40,AIIMS,Sai Mandir (Kesora),43,SBI Colony (Kesora)
41,Baramunda BSABT,Tangi,1,Baramunda BSABT
41,Baramunda BSABT,Tangi,2,Rajdhani College
41,Baramunda BSABT,Tangi,3,Fire Station Square
41,Baramunda BSABT,Tangi,4,Gopabandhu Nagar
41,Baramunda BSABT,Tangi,5,CRPF Square
41,Baramunda BSABT,Tangi,6,Nayapalli
41,Baramunda BSABT,Tangi,7,ISKCON Temple
41,Baramunda BSABT,Tangi,8,NABARD
41,Baramunda BSABT,Tangi,9,Jaydev Vihar Flyover
41,Baramunda BSABT,Tangi,10,IMMT
41,Baramunda BSABT,Tangi,11,Acharya Vihar Square
41,Baramunda BSABT,Tangi,12,Vani Vihar
41,Baramunda BSABT,Tangi,13,Vani Vihar Square
41,Baramunda BSABT,Tangi,14,Satsangha Vihar
41,Baramunda BSABT,Tangi,15,VSS Nagar Road
41,Baramunda BSABT,Tangi,16,Rasulgarh Square
41,Baramunda BSABT,Tangi,17,Palasuni
41,Baramunda BSABT,Tangi,18,Saptasati Temple
41,Baramunda BSABT,Tangi,19,Hi-Tech Hospital Square
41,Baramunda BSABT,Tangi,20,Hanspal Square
41,Baramunda BSABT,Tangi,21,Puri Canal Road
41,Baramunda BSABT,Tangi,22,Highway Honda
41,Baramunda BSABT,Tangi,23,Utkal Heights
41,Baramunda BSABT,Tangi,24,Millenium City
41,Baramunda BSABT,Tangi,25,Pahal
41,Baramunda BSABT,Tangi,26,Apex College
41,Baramunda BSABT,Tangi,27,Nakhara Square
41,Baramunda BSABT,Tangi,28,Bamphakuda
41,Baramunda BSABT,Tangi,29,Telenga Pentha
41,Baramunda BSABT,Tangi,30,Badambadi Bus Stand
41,Baramunda BSABT,Tangi,31,Badambadi Bus Stand 1
41,Baramunda BSABT,Tangi,32,Pala Mandap 1
41,Baramunda BSABT,Tangi,33,Arundoya Market 1
41,Baramunda BSABT,Tangi,34,Nishamani Talkies 1
41,Baramunda BSABT,Tangi,35,Link Road 1
41,Baramunda BSABT,Tangi,36,Samrat Cinema
41,Baramunda BSABT,Tangi,37,OMP Square
41,Baramunda BSABT,Tangi,38,Gandarpur
41,Baramunda BSABT,Tangi,39,Shikharpur
41,Baramunda BSABT,Tangi,40,Jagatpur
41,Baramunda BSABT,Tangi,41,Delta Gada
41,Baramunda BSABT,Tangi,42,Pratap Nagari
41,Baramunda BSABT,Tangi,43,Tahasil Road
41,Baramunda BSABT,Tangi,44,Bhanpur
41,Baramunda BSABT,Tangi,45,Nankar
41,Baramunda BSABT,Tangi,46,Balikuda
41,Baramunda BSABT,Tangi,47,Manguli
41,Baramunda BSABT,Tangi,48,Gopalpur Railway Station
41,Baramunda BSABT,Tangi,49,Nergundi
41,Baramunda BSABT,Tangi,50,Khapuria Square
41,Baramunda BSABT,Tangi,51,Harianta
41,Baramunda BSABT,Tangi,52,Link Road
41,Baramunda BSABT,Tangi,53,Karanji
41,Baramunda BSABT,Tangi,54,Nishamani Talkies
41,Baramunda BSABT,Tangi,55,Sapanpur Road
41,Baramunda BSABT,Tangi,56,Arundoya Market
41,Baramunda BSABT,Tangi,57,Pala Mandap
41,Baramunda BSABT,Tangi,58,Tangi
41,Baramunda BSABT,Tangi,59,DRIEMS
42,Baramunda BSABT,Nandankanan,1,Baramunda BSABT
42,Baramunda BSABT,Nandankanan,2,Rajdhani College
42,Baramunda BSABT,Nandankanan,3,Fire Station Square
42,Baramunda BSABT,Nandankanan,4,CRPF KV
42,Baramunda BSABT,Nandankanan,5,Rental Colony
42,Baramunda BSABT,Nandankanan,6,Jagannath Vihar
42,Baramunda BSABT,Nandankanan,7,Agriculture Directorate
42,Baramunda BSABT,Nandankanan,8,Kalinga Studio Square
42,Baramunda BSABT,Nandankanan,9,Bharatpur
42,Baramunda BSABT,Nandankanan,10,Bharatpur UPHC
42,Baramunda BSABT,Nandankanan,11,G.A Colony Shree Ram Vihar
42,Baramunda BSABT,Nandankanan,12,G.A Colony B1
42,Baramunda BSABT,Nandankanan,13,Mathematics Institute
42,Baramunda BSABT,Nandankanan,14,Andharua
42,Baramunda BSABT,Nandankanan,15,Radhamadhab Nagar
42,Baramunda BSABT,Nandankanan,16,Ganesh Institute
42,Baramunda BSABT,Nandankanan,17,Lifestyle Orchid
42,Baramunda BSABT,Nandankanan,18,D.N Wisdom School
42,Baramunda BSABT,Nandankanan,19,Chandaka Market
42,Baramunda BSABT,Nandankanan,20,Chandaka
42,Baramunda BSABT,Nandankanan,21,Chandaka College
42,Baramunda BSABT,Nandankanan,22,SOG
42,Baramunda BSABT,Nandankanan,23,Shyamsundarpur
42,Baramunda BSABT,Nandankanan,24,Daruthenga
42,Baramunda BSABT,Nandankanan,25,Daruthenga School
42,Baramunda BSABT,Nandankanan,26,Jujhagada
42,Baramunda BSABT,Nandankanan,27,Bhalunka Road
42,Baramunda BSABT,Nandankanan,28,Orissa Diesel
42,Baramunda BSABT,Nandankanan,29,Jungle View
42,Baramunda BSABT,Nandankanan,30,Barang Sitaram Bazar
42,Baramunda BSABT,Nandankanan,31,Barang Square
42,Baramunda BSABT,Nandankanan,32,Barang
42,Baramunda BSABT,Nandankanan,33,Nandankanan
42,Baramunda BSABT,Nandankanan,34,Nandankanan High School
43/43E,Baramunda BSABT,Banamalipur,1,Baramunda BSABT
43/43E,Baramunda BSABT,Banamalipur,2,Rajdhani College
43/43E,Baramunda BSABT,Banamalipur,3,Fire Station Square
43/43E,Baramunda BSABT,Banamalipur,4,CRPF Square
43/43E,Baramunda BSABT,Banamalipur,5,Nayapalli
43/43E,Baramunda BSABT,Banamalipur,6,ISKCON Temple
43/43E,Baramunda BSABT,Banamalipur,7,NABARD
43/43E,Baramunda BSABT,Banamalipur,8,Jaydev Vihar Flyover
43/43E,Baramunda BSABT,Banamalipur,9,IMMT
43/43E,Baramunda BSABT,Banamalipur,10,Acharya Vihar Square
43/43E,Baramunda BSABT,Banamalipur,11,Vani Vihar
43/43E,Baramunda BSABT,Banamalipur,12,Vani Vihar Square
43/43E,Baramunda BSABT,Banamalipur,13,Satsang Vihar
43/43E,Baramunda BSABT,Banamalipur,14,VSS Nagar Road
43/43E,Baramunda BSABT,Banamalipur,15,Rasulgarh Square
43/43E,Baramunda BSABT,Banamalipur,16,Rasulgarh Market
43/43E,Baramunda BSABT,Banamalipur,17,Bomikhal
43/43E,Baramunda BSABT,Banamalipur,18,Ekamra Talkies
43/43E,Baramunda BSABT,Banamalipur,19,Jharpada
43/43E,Baramunda BSABT,Banamalipur,20,Yatri Nivas
43/43E,Baramunda BSABT,Banamalipur,21,Laxmi Sagar Square
43/43E,Baramunda BSABT,Banamalipur,22,Old Stn. Bazar (Rly.Stn.)
43/43E,Baramunda BSABT,Banamalipur,23,Kalpana Square
43/43E,Baramunda BSABT,Banamalipur,24,State Museum
43/43E,Baramunda BSABT,Banamalipur,25,BJB College
43/43E,Baramunda BSABT,Banamalipur,26,NCC Canteen
43/43E,Baramunda BSABT,Banamalipur,27,Shree Hospital
43/43E,Baramunda BSABT,Banamalipur,28,Ravi Talkies
43/43E,Baramunda BSABT,Banamalipur,29,Kedar Gouri Temple
43/43E,Baramunda BSABT,Banamalipur,30,Gouri Nagar
43/43E,Baramunda BSABT,Banamalipur,31,Lingaraj Temple Road
43/43E,Baramunda BSABT,Banamalipur,32,Samantarapur
43/43E,Baramunda BSABT,Banamalipur,33,Nuagaon
43/43E,Baramunda BSABT,Banamalipur,34,Sishupalgarh
43/43E,Baramunda BSABT,Banamalipur,35,Lingipur
43/43E,Baramunda BSABT,Banamalipur,36,Sri Sri Borda Hospital
43/43E,Baramunda BSABT,Banamalipur,37,Nathapur
43/43E,Baramunda BSABT,Banamalipur,38,Dhauli Square
43/43E,Baramunda BSABT,Banamalipur,39,Balisahi
43/43E,Baramunda BSABT,Banamalipur,40,Uttara Square
43/43E,Baramunda BSABT,Banamalipur,41,Saradeipur
43/43E,Baramunda BSABT,Banamalipur,42,Balakati Government School
43/43E,Baramunda BSABT,Banamalipur,43,Balakati
43/43E,Baramunda BSABT,Banamalipur,44,Balakati Post Office
43/43E,Baramunda BSABT,Banamalipur,45,Dulhadein Temple
43/43E,Baramunda BSABT,Banamalipur,46,Capital Academy
43/43E,Baramunda BSABT,Banamalipur,47,Manjari Hospital
43/43E,Baramunda BSABT,Banamalipur,48,Puran Padhan
43/43E,Baramunda BSABT,Banamalipur,49,Budhipada Chhaka
43/43E,Baramunda BSABT,Banamalipur,50,Sisilo
43/43E,Baramunda BSABT,Banamalipur,51,Biswanathpur
43/43E,Baramunda BSABT,Banamalipur,52,Madhuban
43/43E,Baramunda BSABT,Banamalipur,53,Budhanath Temple
43/43E,Baramunda BSABT,Banamalipur,54,Balipatana
43/43E,Baramunda BSABT,Banamalipur,55,Giringa
43/43E,Baramunda BSABT,Banamalipur,56,Athantra
43/43E,Baramunda BSABT,Banamalipur,57,Dhanahara
43/43E,Baramunda BSABT,Banamalipur,58,Nuasahi
43/43E,Baramunda BSABT,Banamalipur,59,Batabazar
43/43E,Baramunda BSABT,Banamalipur,60,Banamalipur
43/43E,Baramunda BSABT,Banamalipur,61,Nuapatana
43/43E,Baramunda BSABT,Banamalipur,62,Banamalipur Medical Chhaka
43/43E,Baramunda BSABT,Banamalipur,63,Bhapur (43E only)
43/43E,Baramunda BSABT,Banamalipur,64,Bhanranijigarh (43E only)
43/43E,Baramunda BSABT,Banamalipur,65,Kundhei Muhan Square (43E only)
43/43E,Baramunda BSABT,Banamalipur,66,Abhaymukhi (43E only)
44,Baramunda BSABT,"SVNIRTAR, Olatpur",1,Baramunda BSABT
44,Baramunda BSABT,"SVNIRTAR, Olatpur",2,Rajdhani College
44,Baramunda BSABT,"SVNIRTAR, Olatpur",3,Fire Station Square
44,Baramunda BSABT,"SVNIRTAR, Olatpur",4,Gopabandhu Nagar
44,Baramunda BSABT,"SVNIRTAR, Olatpur",5,CRPF Square
44,Baramunda BSABT,"SVNIRTAR, Olatpur",6,Nayapalli
44,Baramunda BSABT,"SVNIRTAR, Olatpur",7,ISKCON Temple
44,Baramunda BSABT,"SVNIRTAR, Olatpur",8,NABARD
44,Baramunda BSABT,"SVNIRTAR, Olatpur",9,Jaydev Vihar Flyover
44,Baramunda BSABT,"SVNIRTAR, Olatpur",10,IMMT
44,Baramunda BSABT,"SVNIRTAR, Olatpur",11,Acharya Vihar Square
44,Baramunda BSABT,"SVNIRTAR, Olatpur",12,Vani Vihar Square
44,Baramunda BSABT,"SVNIRTAR, Olatpur",13,RD Womens College
44,Baramunda BSABT,"SVNIRTAR, Olatpur",14,Rupali Square
44,Baramunda BSABT,"SVNIRTAR, Olatpur",15,Maharshi College Square
44,Baramunda BSABT,"SVNIRTAR, Olatpur",16,Satya Nagar
44,Baramunda BSABT,"SVNIRTAR, Olatpur",17,Satya Nagar Square
44,Baramunda BSABT,"SVNIRTAR, Olatpur",18,Ram Mandir
44,Baramunda BSABT,"SVNIRTAR, Olatpur",19,Sriya Square
44,Baramunda BSABT,"SVNIRTAR, Olatpur",20,Master Canteen (Janpath)
44,Baramunda BSABT,"SVNIRTAR, Olatpur",21,Bhubaneswar Railway Station
44,Baramunda BSABT,"SVNIRTAR, Olatpur",22,Master Canteen
44,Baramunda BSABT,"SVNIRTAR, Olatpur",23,Ashok Nagar
44,Baramunda BSABT,"SVNIRTAR, Olatpur",24,Raj Mahal Square
44,Baramunda BSABT,"SVNIRTAR, Olatpur",25,Kalpana Square
44,Baramunda BSABT,"SVNIRTAR, Olatpur",26,Sabarsahi Lane
44,Baramunda BSABT,"SVNIRTAR, Olatpur",27,Old Station Bazaar (Rly. Stn.)
44,Baramunda BSABT,"SVNIRTAR, Olatpur",28,Laxmi Sagar Square
44,Baramunda BSABT,"SVNIRTAR, Olatpur",29,Yatri Nivas
44,Baramunda BSABT,"SVNIRTAR, Olatpur",30,Jharpada
44,Baramunda BSABT,"SVNIRTAR, Olatpur",31,Ekamra Talkies
44,Baramunda BSABT,"SVNIRTAR, Olatpur",32,Bomikhal
44,Baramunda BSABT,"SVNIRTAR, Olatpur",33,Rasulgarh Market
44,Baramunda BSABT,"SVNIRTAR, Olatpur",34,Rasulgarh Square
44,Baramunda BSABT,"SVNIRTAR, Olatpur",35,Palasuni
44,Baramunda BSABT,"SVNIRTAR, Olatpur",36,Saptasati Temple
44,Baramunda BSABT,"SVNIRTAR, Olatpur",37,Hi-Tech Hospital Square
44,Baramunda BSABT,"SVNIRTAR, Olatpur",38,Hanspal Square
44,Baramunda BSABT,"SVNIRTAR, Olatpur",39,Puri Canal Road
44,Baramunda BSABT,"SVNIRTAR, Olatpur",40,Highway Honda
44,Baramunda BSABT,"SVNIRTAR, Olatpur",41,Utkal Heights
44,Baramunda BSABT,"SVNIRTAR, Olatpur",42,Millenium City
44,Baramunda BSABT,"SVNIRTAR, Olatpur",43,Pahal
44,Baramunda BSABT,"SVNIRTAR, Olatpur",44,Apex College
44,Baramunda BSABT,"SVNIRTAR, Olatpur",45,Nakhara Square
44,Baramunda BSABT,"SVNIRTAR, Olatpur",46,DPS Kalinga
44,Baramunda BSABT,"SVNIRTAR, Olatpur",47,Synergy College
44,Baramunda BSABT,"SVNIRTAR, Olatpur",48,Midland Height
44,Baramunda BSABT,"SVNIRTAR, Olatpur",49,Jaypur Road
44,Baramunda BSABT,"SVNIRTAR, Olatpur",50,East College
44,Baramunda BSABT,"SVNIRTAR, Olatpur",51,Trinath Bazar
44,Baramunda BSABT,"SVNIRTAR, Olatpur",52,Pachabati Bazar
44,Baramunda BSABT,"SVNIRTAR, Olatpur",53,Bateswar Mahadev Temple
44,Baramunda BSABT,"SVNIRTAR, Olatpur",54,Bhabani Nagar Phase-II
44,Baramunda BSABT,"SVNIRTAR, Olatpur",55,Brahmani Jharilo
44,Baramunda BSABT,"SVNIRTAR, Olatpur",56,Police Aid (Brahmani Jharilo)
44,Baramunda BSABT,"SVNIRTAR, Olatpur",57,Kuranga
44,Baramunda BSABT,"SVNIRTAR, Olatpur",58,Suddhananda Collge
44,Baramunda BSABT,"SVNIRTAR, Olatpur",59,Ocean Water Park
44,Baramunda BSABT,"SVNIRTAR, Olatpur",60,Snowman Logistics
44,Baramunda BSABT,"SVNIRTAR, Olatpur",61,Bada Jharilo
44,Baramunda BSABT,"SVNIRTAR, Olatpur",62,Sundargram
44,Baramunda BSABT,"SVNIRTAR, Olatpur",63,Dadhichi Group
44,Baramunda BSABT,"SVNIRTAR, Olatpur",64,Bagalpur Panchyat Office
44,Baramunda BSABT,"SVNIRTAR, Olatpur",65,Dakhineswar Mahadev Temple
44,Baramunda BSABT,"SVNIRTAR, Olatpur",66,Jharpada Road
44,Baramunda BSABT,"SVNIRTAR, Olatpur",67,Kantapada
44,Baramunda BSABT,"SVNIRTAR, Olatpur",68,PWD Dakabangala (Kantapada)
44,Baramunda BSABT,"SVNIRTAR, Olatpur",69,Olatpur
44,Baramunda BSABT,"SVNIRTAR, Olatpur",70,SVNIRTAR
45,Bhubaneswar Rly. Stn.,Jayadev Pitha,1,Bhubaneswar Railway Station
45,Bhubaneswar Rly. Stn.,Jayadev Pitha,2,Master Canteen
45,Bhubaneswar Rly. Stn.,Jayadev Pitha,3,Ashok Nagar
45,Bhubaneswar Rly. Stn.,Jayadev Pitha,4,Rajmahal Square
45,Bhubaneswar Rly. Stn.,Jayadev Pitha,5,Kalpana Square
45,Bhubaneswar Rly. Stn.,Jayadev Pitha,6,State Museum
45,Bhubaneswar Rly. Stn.,Jayadev Pitha,7,BJB College
45,Bhubaneswar Rly. Stn.,Jayadev Pitha,8,NCC Canteen
45,Bhubaneswar Rly. Stn.,Jayadev Pitha,9,Shree Hospital
45,Bhubaneswar Rly. Stn.,Jayadev Pitha,10,Ravi Talkies
45,Bhubaneswar Rly. Stn.,Jayadev Pitha,11,Raja Rani Temple
45,Bhubaneswar Rly. Stn.,Jayadev Pitha,12,Chili Pokhari
45,Bhubaneswar Rly. Stn.,Jayadev Pitha,13,Ratnakar Bagh
45,Bhubaneswar Rly. Stn.,Jayadev Pitha,14,Brahmeswarpatna
45,Bhubaneswar Rly. Stn.,Jayadev Pitha,15,Megheswar Temple
45,Bhubaneswar Rly. Stn.,Jayadev Pitha,16,Sai Mandir
45,Bhubaneswar Rly. Stn.,Jayadev Pitha,17,Sai Residency
45,Bhubaneswar Rly. Stn.,Jayadev Pitha,18,Tarini Mandir
45,Bhubaneswar Rly. Stn.,Jayadev Pitha,19,Ranga Bazar
45,Bhubaneswar Rly. Stn.,Jayadev Pitha,20,Gatikrushna Green
45,Bhubaneswar Rly. Stn.,Jayadev Pitha,21,Ranga Bazar Petrol Pump
45,Bhubaneswar Rly. Stn.,Jayadev Pitha,22,BJEM School
45,Bhubaneswar Rly. Stn.,Jayadev Pitha,23,Gotalgram
45,Bhubaneswar Rly. Stn.,Jayadev Pitha,24,Andhoti Bazar
45,Bhubaneswar Rly. Stn.,Jayadev Pitha,25,Brahman Sarangi U.P School
45,Bhubaneswar Rly. Stn.,Jayadev Pitha,26,Brahman Sarangi
45,Bhubaneswar Rly. Stn.,Jayadev Pitha,27,Patapur Chaka
45,Bhubaneswar Rly. Stn.,Jayadev Pitha,28,Raedpada
45,Bhubaneswar Rly. Stn.,Jayadev Pitha,29,Jagannathpur
45,Bhubaneswar Rly. Stn.,Jayadev Pitha,30,Khamanga Sasan
45,Bhubaneswar Rly. Stn.,Jayadev Pitha,31,Kakarudrapur High School
45,Bhubaneswar Rly. Stn.,Jayadev Pitha,32,Kakarudrapur
45,Bhubaneswar Rly. Stn.,Jayadev Pitha,33,Pratapruidrapur G.P
45,Bhubaneswar Rly. Stn.,Jayadev Pitha,34,Pratapruidrapur
45,Bhubaneswar Rly. Stn.,Jayadev Pitha,35,Apata Sahi
45,Bhubaneswar Rly. Stn.,Jayadev Pitha,36,Upara Sahi
45,Bhubaneswar Rly. Stn.,Jayadev Pitha,37,Jayadev Pitha (Kendubilwa)
46,Bhubaneswar Rly. Stn.,Nandankanan,1,Bhubaneswar Railway Station
46,Bhubaneswar Rly. Stn.,Nandankanan,2,Master Canteen
46,Bhubaneswar Rly. Stn.,Nandankanan,3,Sriya Square
46,Bhubaneswar Rly. Stn.,Nandankanan,4,Ram Mandir
46,Bhubaneswar Rly. Stn.,Nandankanan,5,Satya Nagar Square
46,Bhubaneswar Rly. Stn.,Nandankanan,6,Satya Nagar
46,Bhubaneswar Rly. Stn.,Nandankanan,7,Maharshi College Square
46,Bhubaneswar Rly. Stn.,Nandankanan,8,Rupali Square
46,Bhubaneswar Rly. Stn.,Nandankanan,9,RD Women's College
46,Bhubaneswar Rly. Stn.,Nandankanan,10,Vani Vihar Square
46,Bhubaneswar Rly. Stn.,Nandankanan,11,Satsangha Vihar
46,Bhubaneswar Rly. Stn.,Nandankanan,12,VSS Nagar Road
46,Bhubaneswar Rly. Stn.,Nandankanan,13,Rasulgarh Square
46,Bhubaneswar Rly. Stn.,Nandankanan,14,Palasuni
46,Bhubaneswar Rly. Stn.,Nandankanan,15,Saptasati Temple
46,Bhubaneswar Rly. Stn.,Nandankanan,16,Hi-Tech Hospital Square
46,Bhubaneswar Rly. Stn.,Nandankanan,17,Mancheswar Road
46,Bhubaneswar Rly. Stn.,Nandankanan,18,Manchanth Temple
46,Bhubaneswar Rly. Stn.,Nandankanan,19,Mancheswar Village
46,Bhubaneswar Rly. Stn.,Nandankanan,20,Gyan Bharati College
46,Bhubaneswar Rly. Stn.,Nandankanan,21,Jaripatna
46,Bhubaneswar Rly. Stn.,Nandankanan,22,Ramagada Sahi
46,Bhubaneswar Rly. Stn.,Nandankanan,23,Maruti Mandap
46,Bhubaneswar Rly. Stn.,Nandankanan,24,Bada Dhia Sahi
46,Bhubaneswar Rly. Stn.,Nandankanan,25,Kalayanpur
46,Bhubaneswar Rly. Stn.,Nandankanan,26,Benagadia
46,Bhubaneswar Rly. Stn.,Nandankanan,27,Gandarpur High School Chhak
46,Bhubaneswar Rly. Stn.,Nandankanan,28,Majhi Sahi
46,Bhubaneswar Rly. Stn.,Nandankanan,29,Gandarpur
46,Bhubaneswar Rly. Stn.,Nandankanan,30,Khairapada
46,Bhubaneswar Rly. Stn.,Nandankanan,31,Bada Balipada
46,Bhubaneswar Rly. Stn.,Nandankanan,32,Kendupatna
46,Bhubaneswar Rly. Stn.,Nandankanan,33,Kanpur Chhak
46,Bhubaneswar Rly. Stn.,Nandankanan,34,Sribantapur
46,Bhubaneswar Rly. Stn.,Nandankanan,35,Kantapatna
46,Bhubaneswar Rly. Stn.,Nandankanan,36,Barang Block
46,Bhubaneswar Rly. Stn.,Nandankanan,37,Barang Police Station
46,Bhubaneswar Rly. Stn.,Nandankanan,38,Barang
46,Bhubaneswar Rly. Stn.,Nandankanan,39,Nandankanan
46,Bhubaneswar Rly. Stn.,Nandankanan,40,Nandankanan High School
47,IGKC Hospital,"SCB Medical, Cuttack",1,IGKC Hospital
47,IGKC Hospital,"SCB Medical, Cuttack",2,Sum Hospital
47,IGKC Hospital,"SCB Medical, Cuttack",3,Shyampur
47,IGKC Hospital,"SCB Medical, Cuttack",4,Ayurveda College
47,IGKC Hospital,"SCB Medical, Cuttack",5,Kalinga Studio Square
47,IGKC Hospital,"SCB Medical, Cuttack",6,Agriculture Directorate
47,IGKC Hospital,"SCB Medical, Cuttack",7,Jagannath Vihar
47,IGKC Hospital,"SCB Medical, Cuttack",8,Rental Colony
47,IGKC Hospital,"SCB Medical, Cuttack",9,Government High School (CRP)
47,IGKC Hospital,"SCB Medical, Cuttack",10,VIP Colony
47,IGKC Hospital,"SCB Medical, Cuttack",11,IRC Village
47,IGKC Hospital,"SCB Medical, Cuttack",12,ICSI House
47,IGKC Hospital,"SCB Medical, Cuttack",13,Ekamra Park
47,IGKC Hospital,"SCB Medical, Cuttack",14,Salia Sahi Chhak
47,IGKC Hospital,"SCB Medical, Cuttack",15,Mayfair Road
47,IGKC Hospital,"SCB Medical, Cuttack",16,Jaydev Vihar Square
47,IGKC Hospital,"SCB Medical, Cuttack",17,Pal Heights
47,IGKC Hospital,"SCB Medical, Cuttack",18,Mayfair Road
47,IGKC Hospital,"SCB Medical, Cuttack",19,Janata Maidan
47,IGKC Hospital,"SCB Medical, Cuttack",20,Xavier Square
47,IGKC Hospital,"SCB Medical, Cuttack",21,Fortune Tower
47,IGKC Hospital,"SCB Medical, Cuttack",22,Kalinga Hospital Square
47,IGKC Hospital,"SCB Medical, Cuttack",23,Rail Sadan
47,IGKC Hospital,"SCB Medical, Cuttack",24,Omfed Square
47,IGKC Hospital,"SCB Medical, Cuttack",25,Niladri Vihar Square
47,IGKC Hospital,"SCB Medical, Cuttack",26,Damana Square
47,IGKC Hospital,"SCB Medical, Cuttack",27,Chandrashekharpur P.S
47,IGKC Hospital,"SCB Medical, Cuttack",28,Patia Square
47,IGKC Hospital,"SCB Medical, Cuttack",29,Koel Campus
47,IGKC Hospital,"SCB Medical, Cuttack",30,Kanan Vihar Phase 2
47,IGKC Hospital,"SCB Medical, Cuttack",31,KIIT Square
47,IGKC Hospital,"SCB Medical, Cuttack",32,Sikharchandi Vihar
47,IGKC Hospital,"SCB Medical, Cuttack",33,Nandan Vihar
47,IGKC Hospital,"SCB Medical, Cuttack",34,Mani Tribhuvan
47,IGKC Hospital,"SCB Medical, Cuttack",35,Royal Lagoon
47,IGKC Hospital,"SCB Medical, Cuttack",36,Raghunathpur
47,IGKC Hospital,"SCB Medical, Cuttack",37,Raghunathpur Village
47,IGKC Hospital,"SCB Medical, Cuttack",38,Dauladei Temple
47,IGKC Hospital,"SCB Medical, Cuttack",39,Nandankanan High School
47,IGKC Hospital,"SCB Medical, Cuttack",40,Nandankanan
47,IGKC Hospital,"SCB Medical, Cuttack",41,Barang
47,IGKC Hospital,"SCB Medical, Cuttack",42,Barang Police Station
47,IGKC Hospital,"SCB Medical, Cuttack",43,Bachhipur
47,IGKC Hospital,"SCB Medical, Cuttack",44,Madhuban
47,IGKC Hospital,"SCB Medical, Cuttack",45,Trisulia Square
47,IGKC Hospital,"SCB Medical, Cuttack",46,Kunheipara
47,IGKC Hospital,"SCB Medical, Cuttack",47,Judicial Academy
47,IGKC Hospital,"SCB Medical, Cuttack",48,Sishu Bhawan
47,IGKC Hospital,"SCB Medical, Cuttack",49,High Court Road
47,IGKC Hospital,"SCB Medical, Cuttack",50,Cuttack Sai Temple
47,IGKC Hospital,"SCB Medical, Cuttack",51,Puri Ghat Police Station
47,IGKC Hospital,"SCB Medical, Cuttack",52,City College (Cuttack)
47,IGKC Hospital,"SCB Medical, Cuttack",53,Khannagar Traffic
47,IGKC Hospital,"SCB Medical, Cuttack",54,Badambadi Square
47,IGKC Hospital,"SCB Medical, Cuttack",55,Badambadi Bus Stand
47,IGKC Hospital,"SCB Medical, Cuttack",56,Pala Mandap
47,IGKC Hospital,"SCB Medical, Cuttack",57,Arundoya Market
47,IGKC Hospital,"SCB Medical, Cuttack",58,Nishamani Talkies
47,IGKC Hospital,"SCB Medical, Cuttack",59,Link Road
47,IGKC Hospital,"SCB Medical, Cuttack",60,Samrat Cinema
47,IGKC Hospital,"SCB Medical, Cuttack",61,OMP Square
47,IGKC Hospital,"SCB Medical, Cuttack",62,Cuttack Railway Station
47,IGKC Hospital,"SCB Medical, Cuttack",63,Ravenshaw University
47,IGKC Hospital,"SCB Medical, Cuttack",64,Ranihat Durga Mandap
47,IGKC Hospital,"SCB Medical, Cuttack",65,Balaji Hospital
47,IGKC Hospital,"SCB Medical, Cuttack",66,SCB Medical
47,IGKC Hospital,"SCB Medical, Cuttack",67,Settlement Office
48,Khordha New Bus Stand,"Jagatpur, Cuttack",1,Khordha New Bus Stand
48,Khordha New Bus Stand,"Jagatpur, Cuttack",2,Pallahata Square
48,Khordha New Bus Stand,"Jagatpur, Cuttack",3,Old Collector Office
48,Khordha New Bus Stand,"Jagatpur, Cuttack",4,DRDA
48,Khordha New Bus Stand,"Jagatpur, Cuttack",5,Gada Khordha
48,Khordha New Bus Stand,"Jagatpur, Cuttack",6,Barunei Pitha
48,Khordha New Bus Stand,"Jagatpur, Cuttack",7,UPHC
48,Khordha New Bus Stand,"Jagatpur, Cuttack",8,PN College
48,Khordha New Bus Stand,"Jagatpur, Cuttack",9,Khordha Bypass Square
48,Khordha New Bus Stand,"Jagatpur, Cuttack",10,Pitapalli Square
48,Khordha New Bus Stand,"Jagatpur, Cuttack",11,Viswass
48,Khordha New Bus Stand,"Jagatpur, Cuttack",12,Bhubaneswar Engg. College
48,Khordha New Bus Stand,"Jagatpur, Cuttack",13,Mahavir Group of Institutions
48,Khordha New Bus Stand,"Jagatpur, Cuttack",14,Paniora
48,Khordha New Bus Stand,"Jagatpur, Cuttack",15,NIIS Group of Institutions
48,Khordha New Bus Stand,"Jagatpur, Cuttack",16,Chatabar
48,Khordha New Bus Stand,"Jagatpur, Cuttack",17,Biju Patnaik Open Air Ashram
48,Khordha New Bus Stand,"Jagatpur, Cuttack",18,Mendhasal
48,Khordha New Bus Stand,"Jagatpur, Cuttack",19,Community Health Centre
48,Khordha New Bus Stand,"Jagatpur, Cuttack",20,OPTCL Grid Sub Station
48,Khordha New Bus Stand,"Jagatpur, Cuttack",21,Giringaput
48,Khordha New Bus Stand,"Jagatpur, Cuttack",22,Adurta Sishu Sadan
48,Khordha New Bus Stand,"Jagatpur, Cuttack",23,Kateni
48,Khordha New Bus Stand,"Jagatpur, Cuttack",24,Kantabada Bazar
48,Khordha New Bus Stand,"Jagatpur, Cuttack",25,Sparsh Hospital
48,Khordha New Bus Stand,"Jagatpur, Cuttack",26,Godibari Nature Camp
48,Khordha New Bus Stand,"Jagatpur, Cuttack",27,Godibari Village
48,Khordha New Bus Stand,"Jagatpur, Cuttack",28,Bhola Square- ASBM
48,Khordha New Bus Stand,"Jagatpur, Cuttack",29,Dalua Square
48,Khordha New Bus Stand,"Jagatpur, Cuttack",30,Kujimahal Square
48,Khordha New Bus Stand,"Jagatpur, Cuttack",31,Nalanda Inst. of Tech.
48,Khordha New Bus Stand,"Jagatpur, Cuttack",32,Chandaka Market
48,Khordha New Bus Stand,"Jagatpur, Cuttack",33,Chandaka
48,Khordha New Bus Stand,"Jagatpur, Cuttack",34,Chandaka College
48,Khordha New Bus Stand,"Jagatpur, Cuttack",35,SOG
48,Khordha New Bus Stand,"Jagatpur, Cuttack",36,Shyamsundarpur
48,Khordha New Bus Stand,"Jagatpur, Cuttack",37,Daruthenga
48,Khordha New Bus Stand,"Jagatpur, Cuttack",38,Daruthenga School
48,Khordha New Bus Stand,"Jagatpur, Cuttack",39,Jujhagada
48,Khordha New Bus Stand,"Jagatpur, Cuttack",40,Bhalunka Road
48,Khordha New Bus Stand,"Jagatpur, Cuttack",41,Orissa Diesel
48,Khordha New Bus Stand,"Jagatpur, Cuttack",42,Madhuban
48,Khordha New Bus Stand,"Jagatpur, Cuttack",43,Trisulia Square
48,Khordha New Bus Stand,"Jagatpur, Cuttack",44,Kunheipara
48,Khordha New Bus Stand,"Jagatpur, Cuttack",45,Judicial Academy
48,Khordha New Bus Stand,"Jagatpur, Cuttack",46,Sishu Bhawan
48,Khordha New Bus Stand,"Jagatpur, Cuttack",47,High Court Road
48,Khordha New Bus Stand,"Jagatpur, Cuttack",48,Cuttack Sai Temple
48,Khordha New Bus Stand,"Jagatpur, Cuttack",49,Puri Ghat Police Station
48,Khordha New Bus Stand,"Jagatpur, Cuttack",50,City College
48,Khordha New Bus Stand,"Jagatpur, Cuttack",51,Khannagar Traffic
48,Khordha New Bus Stand,"Jagatpur, Cuttack",52,Badambadi Square
48,Khordha New Bus Stand,"Jagatpur, Cuttack",53,Badambadi Bus Stand
48,Khordha New Bus Stand,"Jagatpur, Cuttack",54,Pala Mandap
48,Khordha New Bus Stand,"Jagatpur, Cuttack",55,Arundoya Market
48,Khordha New Bus Stand,"Jagatpur, Cuttack",56,Nishamani Talkies
48,Khordha New Bus Stand,"Jagatpur, Cuttack",57,Link Road
48,Khordha New Bus Stand,"Jagatpur, Cuttack",58,Samrat Cinema
48,Khordha New Bus Stand,"Jagatpur, Cuttack",59,OMP Square
48,Khordha New Bus Stand,"Jagatpur, Cuttack",60,Gandarpur
48,Khordha New Bus Stand,"Jagatpur, Cuttack",61,Jungle View
48,Khordha New Bus Stand,"Jagatpur, Cuttack",62,Barang Sitaram Bazar
48,Khordha New Bus Stand,"Jagatpur, Cuttack",63,Shikharpur
48,Khordha New Bus Stand,"Jagatpur, Cuttack",64,Barang Square
48,Khordha New Bus Stand,"Jagatpur, Cuttack",65,Jagatpur
48,Khordha New Bus Stand,"Jagatpur, Cuttack",66,Barang Police Station
48,Khordha New Bus Stand,"Jagatpur, Cuttack",67,Bachhipur
49,Bhubaneswar Rly. Stn.,Delanga Railway Station,1,Bhubaneswar Rly. Stn.
49,Bhubaneswar Rly. Stn.,Delanga Railway Station,2,Master Canteen
49,Bhubaneswar Rly. Stn.,Delanga Railway Station,3,Ashok Nagar
49,Bhubaneswar Rly. Stn.,Delanga Railway Station,4,Raj Mahal Square
49,Bhubaneswar Rly. Stn.,Delanga Railway Station,5,Kalpana Square
49,Bhubaneswar Rly. Stn.,Delanga Railway Station,6,State Museum
49,Bhubaneswar Rly. Stn.,Delanga Railway Station,7,BJB College
49,Bhubaneswar Rly. Stn.,Delanga Railway Station,8,NCC Canteen
49,Bhubaneswar Rly. Stn.,Delanga Railway Station,9,Shree Hospital
49,Bhubaneswar Rly. Stn.,Delanga Railway Station,10,Ravi Talkies
49,Bhubaneswar Rly. Stn.,Delanga Railway Station,11,Kedar Gouri Temple
49,Bhubaneswar Rly. Stn.,Delanga Railway Station,12,Gouri Nagar
49,Bhubaneswar Rly. Stn.,Delanga Railway Station,13,Lingraj Temple Road
49,Bhubaneswar Rly. Stn.,Delanga Railway Station,14,Samantarapur
49,Bhubaneswar Rly. Stn.,Delanga Railway Station,15,Nuagaon
49,Bhubaneswar Rly. Stn.,Delanga Railway Station,16,Sishupalgarh
49,Bhubaneswar Rly. Stn.,Delanga Railway Station,17,Lingipur
49,Bhubaneswar Rly. Stn.,Delanga Railway Station,18,Sri Sri Borda Hospital
49,Bhubaneswar Rly. Stn.,Delanga Railway Station,19,Nathapur
49,Bhubaneswar Rly. Stn.,Delanga Railway Station,20,Dhauli Square
49,Bhubaneswar Rly. Stn.,Delanga Railway Station,21,Bali Sahi
49,Bhubaneswar Rly. Stn.,Delanga Railway Station,22,Uttara Square
49,Bhubaneswar Rly. Stn.,Delanga Railway Station,23,CIFA
49,Bhubaneswar Rly. Stn.,Delanga Railway Station,24,KEC College
49,Bhubaneswar Rly. Stn.,Delanga Railway Station,25,Gudia Pokhari Square
49,Bhubaneswar Rly. Stn.,Delanga Railway Station,26,Siula
49,Bhubaneswar Rly. Stn.,Delanga Railway Station,27,Gobardhanpur
49,Bhubaneswar Rly. Stn.,Delanga Railway Station,28,Jaishpatna Chowk
49,Bhubaneswar Rly. Stn.,Delanga Railway Station,29,Pipili Bypass
49,Bhubaneswar Rly. Stn.,Delanga Railway Station,30,Pipili Nimapada Chowk
49,Bhubaneswar Rly. Stn.,Delanga Railway Station,31,Pipili P.S.
49,Bhubaneswar Rly. Stn.,Delanga Railway Station,32,Pipili Market
49,Bhubaneswar Rly. Stn.,Delanga Railway Station,33,Pipili College Chhak
49,Bhubaneswar Rly. Stn.,Delanga Railway Station,34,Jaypursidi
49,Bhubaneswar Rly. Stn.,Delanga Railway Station,35,Delanga Chhak
49,Bhubaneswar Rly. Stn.,Delanga Railway Station,36,Danagohiri Sqr
49,Bhubaneswar Rly. Stn.,Delanga Railway Station,37,Bajpoi Market
49,Bhubaneswar Rly. Stn.,Delanga Railway Station,38,Nuagan
49,Bhubaneswar Rly. Stn.,Delanga Railway Station,39,Arisala Square
49,Bhubaneswar Rly. Stn.,Delanga Railway Station,40,Khelaura
49,Bhubaneswar Rly. Stn.,Delanga Railway Station,41,Bramhana Taraboi
49,Bhubaneswar Rly. Stn.,Delanga Railway Station,42,Oda Taraboi
49,Bhubaneswar Rly. Stn.,Delanga Railway Station,43,Delanga Bazar
49,Bhubaneswar Rly. Stn.,Delanga Railway Station,44,Beraboi
49,Bhubaneswar Rly. Stn.,Delanga Railway Station,45,Delanga Railway Station
49,Bhubaneswar Rly. Stn.,Delanga Railway Station,46,Manijipur
49,Bhubaneswar Rly. Stn.,Delanga Railway Station,47,Ramachandrapur
49,Bhubaneswar Rly. Stn.,Delanga Railway Station,48,Puruna Delanga
49,Bhubaneswar Rly. Stn.,Delanga Railway Station,49,Delanga Hata
50,Bhubaneswar Railway Station,Puri Bus Stand,1,Bhubaneswar Railway Station
50,Bhubaneswar Railway Station,Puri Bus Stand,2,Raj Mahal Square
50,Bhubaneswar Railway Station,Puri Bus Stand,3,State Museum
50,Bhubaneswar Railway Station,Puri Bus Stand,4,Ravi Talkies
50,Bhubaneswar Railway Station,Puri Bus Stand,5,Dhauli Square
50,Bhubaneswar Railway Station,Puri Bus Stand,6,Uttara Square
50,Bhubaneswar Railway Station,Puri Bus Stand,7,Pipili Bypass
50,Bhubaneswar Railway Station,Puri Bus Stand,8,Satasankha
50,Bhubaneswar Railway Station,Puri Bus Stand,9,Sakhigopal
50,Bhubaneswar Railway Station,Puri Bus Stand,10,Chandanpur Bazar
50,Bhubaneswar Railway Station,Puri Bus Stand,11,Malatipatpur
50,Bhubaneswar Railway Station,Puri Bus Stand,12,Puri Bus Stand
51,Baramunda BSABT,Puri Bus Stand,1,Baramunda BSABT
51,Baramunda BSABT,Puri Bus Stand,2,Rajdhani College
51,Baramunda BSABT,Puri Bus Stand,3,Fire Station Square
51,Baramunda BSABT,Puri Bus Stand,4,CRPF Square
51,Baramunda BSABT,Puri Bus Stand,5,NABARD
51,Baramunda BSABT,Puri Bus Stand,6,IMMT
51,Baramunda BSABT,Puri Bus Stand,7,Acharya Vihar Square
51,Baramunda BSABT,Puri Bus Stand,8,Vani Vihar Square
51,Baramunda BSABT,Puri Bus Stand,9,Rasulgarh Square
51,Baramunda BSABT,Puri Bus Stand,10,Bomikhal
51,Baramunda BSABT,Puri Bus Stand,11,Jharpada
51,Baramunda BSABT,Puri Bus Stand,12,Laxmi Sagar Square
51,Baramunda BSABT,Puri Bus Stand,13,Old Station Bazaar (Rly. Stn.)
51,Baramunda BSABT,Puri Bus Stand,14,Kalpana Square
51,Baramunda BSABT,Puri Bus Stand,15,State Museum
51,Baramunda BSABT,Puri Bus Stand,16,Ravi Talkies
51,Baramunda BSABT,Puri Bus Stand,17,Lingraj Temple Road
51,Baramunda BSABT,Puri Bus Stand,18,Mahavir Chowk
51,Baramunda BSABT,Puri Bus Stand,19,Samantarapur
51,Baramunda BSABT,Puri Bus Stand,20,Nuagaon
51,Baramunda BSABT,Puri Bus Stand,21,Lingipur
51,Baramunda BSABT,Puri Bus Stand,22,Dhauli Square
51,Baramunda BSABT,Puri Bus Stand,23,Bali Sahi
51,Baramunda BSABT,Puri Bus Stand,24,Uttara Square
51,Baramunda BSABT,Puri Bus Stand,25,CIFA
51,Baramunda BSABT,Puri Bus Stand,26,KEC College
51,Baramunda BSABT,Puri Bus Stand,27,Gudia Pokhari Square
51,Baramunda BSABT,Puri Bus Stand,28,Hi-Tech Heaven
51,Baramunda BSABT,Puri Bus Stand,29,Lordsway Apartment
51,Baramunda BSABT,Puri Bus Stand,30,Gobardhanpur
51,Baramunda BSABT,Puri Bus Stand,31,Jhinkirimal
51,Baramunda BSABT,Puri Bus Stand,32,Jaishpatna Chowk
51,Baramunda BSABT,Puri Bus Stand,33,Pipili Bypass
51,Baramunda BSABT,Puri Bus Stand,34,Pipili Over Bridge Square
51,Baramunda BSABT,Puri Bus Stand,35,Danda Mukundapur Bypass
51,Baramunda BSABT,Puri Bus Stand,36,Mangalpur
51,Baramunda BSABT,Puri Bus Stand,37,Teisipur
51,Baramunda BSABT,Puri Bus Stand,38,Satasankha
51,Baramunda BSABT,Puri Bus Stand,39,Pattanaikia
51,Baramunda BSABT,Puri Bus Stand,40,Sakhigopal College
51,Baramunda BSABT,Puri Bus Stand,41,Sakhigopal
51,Baramunda BSABT,Puri Bus Stand,42,Chandanpur Bypass
51,Baramunda BSABT,Puri Bus Stand,43,Birapratap Pur
51,Baramunda BSABT,Puri Bus Stand,44,Birapratap Pur Bazar
51,Baramunda BSABT,Puri Bus Stand,45,Damodarpur Bazar
51,Baramunda BSABT,Puri Bus Stand,46,Chandanpur Bazar
51,Baramunda BSABT,Puri Bus Stand,47,Tulasi Chaura Chaka
51,Baramunda BSABT,Puri Bus Stand,48,Malatipatpur
51,Baramunda BSABT,Puri Bus Stand,49,Biraharekrushnapur
51,Baramunda BSABT,Puri Bus Stand,50,Bata Mangala
51,Baramunda BSABT,Puri Bus Stand,51,Athar Nala
51,Baramunda BSABT,Puri Bus Stand,52,Matiapada Square
51,Baramunda BSABT,Puri Bus Stand,53,Puri Bus Stand
52,Puri Bus Stand,Omkareshwar Temple,1,Puri Bus Stand
52,Puri Bus Stand,Omkareshwar Temple,2,Puri Railway Station
52,Puri Bus Stand,Omkareshwar Temple,3,Zila School
52,Puri Bus Stand,Omkareshwar Temple,4,Old Sadar P.S
52,Puri Bus Stand,Omkareshwar Temple,5,Wild Grass
52,Puri Bus Stand,Omkareshwar Temple,6,Subash Bose Square
52,Puri Bus Stand,Omkareshwar Temple,7,Collector Office
52,Puri Bus Stand,Omkareshwar Temple,8,Sea Beach Road
52,Puri Bus Stand,Omkareshwar Temple,9,Chaitanya Square
52,Puri Bus Stand,Omkareshwar Temple,10,Swarga Dwar
52,Puri Bus Stand,Omkareshwar Temple,11,Light House
52,Puri Bus Stand,Omkareshwar Temple,12,Bipad Tarini Temple
52,Puri Bus Stand,Omkareshwar Temple,13,Hotel Swosti Premium
52,Puri Bus Stand,Omkareshwar Temple,14,Sipasurubili Square
52,Puri Bus Stand,Omkareshwar Temple,15,Hotel Ananya
52,Puri Bus Stand,Omkareshwar Temple,16,Omkareshwar Temple
53,Malatipatpur Bus Stand,Shree Mandira,1,Malatipatpur Bus Stand
53,Malatipatpur Bus Stand,Shree Mandira,2,Biraharekrushnapur
53,Malatipatpur Bus Stand,Shree Mandira,3,Bata Mangala Temple
53,Malatipatpur Bus Stand,Shree Mandira,4,Athara Nala
53,Malatipatpur Bus Stand,Shree Mandira,5,Matiapada Square
53,Malatipatpur Bus Stand,Shree Mandira,6,Puri Bus Stand
53,Malatipatpur Bus Stand,Shree Mandira,7,Bholanath Vidyapith
53,Malatipatpur Bus Stand,Shree Mandira,8,Redcross Road
53,Malatipatpur Bus Stand,Shree Mandira,9,Medical Chhak
53,Malatipatpur Bus Stand,Shree Mandira,10,Municipality Market Sqr.
53,Malatipatpur Bus Stand,Shree Mandira,11,Shree Mandira
54,"NLU, Cuttack",Puri Bus Stand,1,NLU
54,"NLU, Cuttack",Puri Bus Stand,2,R.U (Mahanadi Campus)
54,"NLU, Cuttack",Puri Bus Stand,3,CDA Sector-13 Road-1
54,"NLU, Cuttack",Puri Bus Stand,4,CDA Sector-13
54,"NLU, Cuttack",Puri Bus Stand,5,Netaji Subhash Chhak
54,"NLU, Cuttack",Puri Bus Stand,6,Biju Patnaik Park (Cuttack)
54,"NLU, Cuttack",Puri Bus Stand,7,State Bank Square (CDA)
54,"NLU, Cuttack",Puri Bus Stand,8,Justice Square
54,"NLU, Cuttack",Puri Bus Stand,9,Saraswati Shisu Mandir
54,"NLU, Cuttack",Puri Bus Stand,10,Raj Kishor Marg
54,"NLU, Cuttack",Puri Bus Stand,11,CDA 9 Market Square
54,"NLU, Cuttack",Puri Bus Stand,12,CDA 6 Park
54,"NLU, Cuttack",Puri Bus Stand,13,Eye Hospital Square
54,"NLU, Cuttack",Puri Bus Stand,14,Sati Choura Square
54,"NLU, Cuttack",Puri Bus Stand,15,Dagarpada Road
54,"NLU, Cuttack",Puri Bus Stand,16,Judicial Academy
54,"NLU, Cuttack",Puri Bus Stand,17,Sishu Bhawan (Cuttack)
54,"NLU, Cuttack",Puri Bus Stand,18,High Court Road
54,"NLU, Cuttack",Puri Bus Stand,19,Cuttack Sai Temple
54,"NLU, Cuttack",Puri Bus Stand,20,Puri Ghat P.S.
54,"NLU, Cuttack",Puri Bus Stand,21,City College (Cuttack)
54,"NLU, Cuttack",Puri Bus Stand,22,CNBT
54,"NLU, Cuttack",Puri Bus Stand,23,Badambadi Square
54,"NLU, Cuttack",Puri Bus Stand,24,Badambadi Bus Stand
54,"NLU, Cuttack",Puri Bus Stand,25,Pala Mandap
54,"NLU, Cuttack",Puri Bus Stand,26,Arundoya Market
54,"NLU, Cuttack",Puri Bus Stand,27,Nishamani Talkies
54,"NLU, Cuttack",Puri Bus Stand,28,Link Road
54,"NLU, Cuttack",Puri Bus Stand,29,Khapuria Square
54,"NLU, Cuttack",Puri Bus Stand,30,Gopalpur Railway Station
54,"NLU, Cuttack",Puri Bus Stand,31,Balikuda
54,"NLU, Cuttack",Puri Bus Stand,32,Bhanpur
54,"NLU, Cuttack",Puri Bus Stand,33,Pratap Nagari
54,"NLU, Cuttack",Puri Bus Stand,34,Delta Gada
54,"NLU, Cuttack",Puri Bus Stand,35,Telenga Pentha
54,"NLU, Cuttack",Puri Bus Stand,36,Bamphakuda
54,"NLU, Cuttack",Puri Bus Stand,37,Nakhara Square
54,"NLU, Cuttack",Puri Bus Stand,38,Apex College
54,"NLU, Cuttack",Puri Bus Stand,39,Pahal
54,"NLU, Cuttack",Puri Bus Stand,40,Millenium City
54,"NLU, Cuttack",Puri Bus Stand,41,Utkal Heights
54,"NLU, Cuttack",Puri Bus Stand,42,Highway Honda
54,"NLU, Cuttack",Puri Bus Stand,43,Puri Canal Road
54,"NLU, Cuttack",Puri Bus Stand,44,Hanspal Square
54,"NLU, Cuttack",Puri Bus Stand,45,Hi-Tech Hospital Square
54,"NLU, Cuttack",Puri Bus Stand,46,Puri Bypass
54,"NLU, Cuttack",Puri Bus Stand,47,Pandra
54,"NLU, Cuttack",Puri Bus Stand,48,Mangraj Point (Kesora)
54,"NLU, Cuttack",Puri Bus Stand,49,SR Valley
54,"NLU, Cuttack",Puri Bus Stand,50,Sai Mandir
54,"NLU, Cuttack",Puri Bus Stand,51,Lingipur
54,"NLU, Cuttack",Puri Bus Stand,52,Dhauli Square
54,"NLU, Cuttack",Puri Bus Stand,53,Bali Sahi
54,"NLU, Cuttack",Puri Bus Stand,54,Uttara Square
54,"NLU, Cuttack",Puri Bus Stand,55,CIFA
54,"NLU, Cuttack",Puri Bus Stand,56,KEC
54,"NLU, Cuttack",Puri Bus Stand,57,Hi-Tech Heaven
54,"NLU, Cuttack",Puri Bus Stand,58,Pipili Bypass
54,"NLU, Cuttack",Puri Bus Stand,59,Pipili Over Bridge Square
54,"NLU, Cuttack",Puri Bus Stand,60,Dandamukundapur Bypass
54,"NLU, Cuttack",Puri Bus Stand,61,Mangalpur
54,"NLU, Cuttack",Puri Bus Stand,62,Teisipur
54,"NLU, Cuttack",Puri Bus Stand,63,Satasankha
54,"NLU, Cuttack",Puri Bus Stand,64,Pattanaikia
54,"NLU, Cuttack",Puri Bus Stand,65,Sakhigopal
54,"NLU, Cuttack",Puri Bus Stand,66,Chandanpur Bypass
54,"NLU, Cuttack",Puri Bus Stand,67,Birapratap Pur
54,"NLU, Cuttack",Puri Bus Stand,68,Birapratap Pur Bazar
54,"NLU, Cuttack",Puri Bus Stand,69,Damodarpur Bazar
54,"NLU, Cuttack",Puri Bus Stand,70,Chandanpur Bazar
54,"NLU, Cuttack",Puri Bus Stand,71,Tulasi Chaura Chaka
54,"NLU, Cuttack",Puri Bus Stand,72,Malatipatpur
54,"NLU, Cuttack",Puri Bus Stand,73,Biraharekrushnapur
54,"NLU, Cuttack",Puri Bus Stand,74,Bata Mangala Temple
54,"NLU, Cuttack",Puri Bus Stand,75,Athara Nala
54,"NLU, Cuttack",Puri Bus Stand,76,Matiapada Square
54,"NLU, Cuttack",Puri Bus Stand,77,Puri Bus Stand
56/56E,Khordha New Bus Stand,Puri Bus Stand,1,Khordha New Bus Stand
56/56E,Khordha New Bus Stand,Puri Bus Stand,2,Khordha Hospital
56/56E,Khordha New Bus Stand,Puri Bus Stand,3,Chandichua
56/56E,Khordha New Bus Stand,Puri Bus Stand,4,Mahulgudia Square
56/56E,Khordha New Bus Stand,Puri Bus Stand,5,Jatani P.S.
56/56E,Khordha New Bus Stand,Puri Bus Stand,6,Sitaram Chowk
56/56E,Khordha New Bus Stand,Puri Bus Stand,7,Pipili Hata
56/56E,Khordha New Bus Stand,Puri Bus Stand,8,Pipili Hospital
56/56E,Khordha New Bus Stand,Puri Bus Stand,9,Pipili Court
56/56E,Khordha New Bus Stand,Puri Bus Stand,10,Danda Mukundapur
56/56E,Khordha New Bus Stand,Puri Bus Stand,11,Old Bus Stand (Khordha)
56/56E,Khordha New Bus Stand,Puri Bus Stand,12,Khordha P.S.
56/56E,Khordha New Bus Stand,Puri Bus Stand,13,Khordha Road Station
56/56E,Khordha New Bus Stand,Puri Bus Stand,14,Sitaram Chowk 1
56/56E,Khordha New Bus Stand,Puri Bus Stand,15,Danda Mukundapur Bypass
56/56E,Khordha New Bus Stand,Puri Bus Stand,16,Bank Square
56/56E,Khordha New Bus Stand,Puri Bus Stand,17,Sayeed Memorial Hospital
56/56E,Khordha New Bus Stand,Puri Bus Stand,18,Mangalpur
56/56E,Khordha New Bus Stand,Puri Bus Stand,19,Khordha Bazar
56/56E,Khordha New Bus Stand,Puri Bus Stand,20,Nilakantheswar Square
56/56E,Khordha New Bus Stand,Puri Bus Stand,21,Teisipur
56/56E,Khordha New Bus Stand,Puri Bus Stand,22,Pallahata Square
56/56E,Khordha New Bus Stand,Puri Bus Stand,23,Kudiary High School
56/56E,Khordha New Bus Stand,Puri Bus Stand,24,Satasankha
56/56E,Khordha New Bus Stand,Puri Bus Stand,25,DRDA
56/56E,Khordha New Bus Stand,Puri Bus Stand,26,Baba Somanatha Square
56/56E,Khordha New Bus Stand,Puri Bus Stand,27,Pattanaikia
56/56E,Khordha New Bus Stand,Puri Bus Stand,28,Gada Khordha
56/56E,Khordha New Bus Stand,Puri Bus Stand,29,Harirajpur Square
56/56E,Khordha New Bus Stand,Puri Bus Stand,30,Sakhigopal
56/56E,Khordha New Bus Stand,Puri Bus Stand,31,Barunei Pitha
56/56E,Khordha New Bus Stand,Puri Bus Stand,32,Budhapad
56/56E,Khordha New Bus Stand,Puri Bus Stand,33,Chandanpur
56/56E,Khordha New Bus Stand,Puri Bus Stand,34,UPHC
56/56E,Khordha New Bus Stand,Puri Bus Stand,35,Budha Somanath
56/56E,Khordha New Bus Stand,Puri Bus Stand,36,Kakudia
56/56E,Khordha New Bus Stand,Puri Bus Stand,37,Kakudia Ghata Chhaka
56/56E,Khordha New Bus Stand,Puri Bus Stand,38,PN College
56/56E,Khordha New Bus Stand,Puri Bus Stand,39,Khordha Bypass Square
56/56E,Khordha New Bus Stand,Puri Bus Stand,40,Carmel Eng. Med. School
56/56E,Khordha New Bus Stand,Puri Bus Stand,41,BSF Battalion Camp
56/56E,Khordha New Bus Stand,Puri Bus Stand,42,Padanpur
56/56E,Khordha New Bus Stand,Puri Bus Stand,43,NISER
56/56E,Khordha New Bus Stand,Puri Bus Stand,44,IIT Road
56/56E,Khordha New Bus Stand,Puri Bus Stand,45,Block Square
56/56E,Khordha New Bus Stand,Puri Bus Stand,46,Badanuagaon
56/56E,Khordha New Bus Stand,Puri Bus Stand,47,Haribhaina Square
56/56E,Khordha New Bus Stand,Puri Bus Stand,48,Jatani Municipal Council
56/56E,Khordha New Bus Stand,Puri Bus Stand,49,Badakanti
56/56E,Khordha New Bus Stand,Puri Bus Stand,50,Balimula
56/56E,Khordha New Bus Stand,Puri Bus Stand,51,Anantapur
56/56E,Khordha New Bus Stand,Puri Bus Stand,52,Matha Sahi Chhak
56/56E,Khordha New Bus Stand,Puri Bus Stand,53,Madhhipur
56/56E,Khordha New Bus Stand,Puri Bus Stand,54,Bharatipur
56/56E,Khordha New Bus Stand,Puri Bus Stand,55,Delanga Chhak
56/56E,Khordha New Bus Stand,Puri Bus Stand,56,Jaypursidi
56/56E,Khordha New Bus Stand,Puri Bus Stand,57,Pipili College Chhak
56/56E,Khordha New Bus Stand,Puri Bus Stand,58,Birapratappur
56/56E,Khordha New Bus Stand,Puri Bus Stand,59,Birapratappur Bazar
56/56E,Khordha New Bus Stand,Puri Bus Stand,60,Damodarpur Bazar
56/56E,Khordha New Bus Stand,Puri Bus Stand,61,Chandanpur Bazar
56/56E,Khordha New Bus Stand,Puri Bus Stand,62,Tulasi Chaura Chowk
56/56E,Khordha New Bus Stand,Puri Bus Stand,63,Malatipatpur
56/56E,Khordha New Bus Stand,Puri Bus Stand,64,Biraharekrushnapur
56/56E,Khordha New Bus Stand,Puri Bus Stand,65,Bata Mangala Temple
56/56E,Khordha New Bus Stand,Puri Bus Stand,66,Athara Nala
56/56E,Khordha New Bus Stand,Puri Bus Stand,67,Matiapada Square
56/56E,Khordha New Bus Stand,Puri Bus Stand,68,Puri Bus Stand
58,Jagatpur,Puri Bus Stand,1,Jagatpur
58,Jagatpur,Puri Bus Stand,2,Shikharpur
58,Jagatpur,Puri Bus Stand,3,Gandarpur
58,Jagatpur,Puri Bus Stand,4,OMP Square
58,Jagatpur,Puri Bus Stand,5,Samrat Cinema
58,Jagatpur,Puri Bus Stand,6,Link Road
58,Jagatpur,Puri Bus Stand,7,Nishamani Talkies
58,Jagatpur,Puri Bus Stand,8,Arundoya Market
58,Jagatpur,Puri Bus Stand,9,Pala Mandap
58,Jagatpur,Puri Bus Stand,10,Badambadi Bus Stand
58,Jagatpur,Puri Bus Stand,11,Badambadi Bus Stand 1
58,Jagatpur,Puri Bus Stand,12,Pala Mandap 1
58,Jagatpur,Puri Bus Stand,13,Arundoya Market 1
58,Jagatpur,Puri Bus Stand,14,Nishamani Talkies 1
58,Jagatpur,Puri Bus Stand,15,Link Road 1
58,Jagatpur,Puri Bus Stand,16,Khapuria Square
58,Jagatpur,Puri Bus Stand,17,Gopalpur Railway Station
58,Jagatpur,Puri Bus Stand,18,Balikuda
58,Jagatpur,Puri Bus Stand,19,Bhanpur
58,Jagatpur,Puri Bus Stand,20,Pratap Nagari
58,Jagatpur,Puri Bus Stand,21,Delta Gada
58,Jagatpur,Puri Bus Stand,22,Telenga Pentha
58,Jagatpur,Puri Bus Stand,23,Bamphakuda
58,Jagatpur,Puri Bus Stand,24,Nakhara Square
58,Jagatpur,Puri Bus Stand,25,Apex College
58,Jagatpur,Puri Bus Stand,26,Pahal
58,Jagatpur,Puri Bus Stand,27,Millenium City
58,Jagatpur,Puri Bus Stand,28,Utkal Heights
58,Jagatpur,Puri Bus Stand,29,Highway Honda
58,Jagatpur,Puri Bus Stand,30,Puri Canal Road
58,Jagatpur,Puri Bus Stand,31,Hanspal Square
58,Jagatpur,Puri Bus Stand,32,Hi-Tech Hospital Square
58,Jagatpur,Puri Bus Stand,33,Puri Bypass
58,Jagatpur,Puri Bus Stand,34,Pandra
58,Jagatpur,Puri Bus Stand,35,Mangraj Point (Kesora)
58,Jagatpur,Puri Bus Stand,36,SR Valley
58,Jagatpur,Puri Bus Stand,37,Sai Mandir
58,Jagatpur,Puri Bus Stand,38,Lingipur
58,Jagatpur,Puri Bus Stand,39,Dhauli Square
58,Jagatpur,Puri Bus Stand,40,Bali Sahi
58,Jagatpur,Puri Bus Stand,41,Uttara Square
58,Jagatpur,Puri Bus Stand,42,CIFA
58,Jagatpur,Puri Bus Stand,43,KEC
58,Jagatpur,Puri Bus Stand,44,Hi-Tech Heaven
58,Jagatpur,Puri Bus Stand,45,Pipili Bypass
58,Jagatpur,Puri Bus Stand,46,Pipili Over Bridge Square
58,Jagatpur,Puri Bus Stand,47,Dandamukundapur Bypass
58,Jagatpur,Puri Bus Stand,48,Mangalpur
58,Jagatpur,Puri Bus Stand,49,Teisipur
58,Jagatpur,Puri Bus Stand,50,Satasankha
58,Jagatpur,Puri Bus Stand,51,Pattanaikia
58,Jagatpur,Puri Bus Stand,52,Sakhigopal
58,Jagatpur,Puri Bus Stand,53,Chandanpur Bypass
58,Jagatpur,Puri Bus Stand,54,Birapratappur
58,Jagatpur,Puri Bus Stand,55,Birapratappur Bazar
58,Jagatpur,Puri Bus Stand,56,Damodarpur Bazar
58,Jagatpur,Puri Bus Stand,57,Chandanpur Bazar
58,Jagatpur,Puri Bus Stand,58,Tulasi Chaura Chaka
58,Jagatpur,Puri Bus Stand,59,Malatipatpur
58,Jagatpur,Puri Bus Stand,60,Biraharekrushnapur
58,Jagatpur,Puri Bus Stand,61,Bata Mangala Temple
58,Jagatpur,Puri Bus Stand,62,Athara Nala
58,Jagatpur,Puri Bus Stand,63,Matiapada Square
58,Jagatpur,Puri Bus Stand,64,Puri Bus Stand
59,Puri Bus Stand,"Mahanadi Vihar, Cuttack",1,Puri Bus Stand
59,Puri Bus Stand,"Mahanadi Vihar, Cuttack",2,Matiapada Square
59,Puri Bus Stand,"Mahanadi Vihar, Cuttack",3,Athara Nala
59,Puri Bus Stand,"Mahanadi Vihar, Cuttack",4,Bata Mangala Temple
59,Puri Bus Stand,"Mahanadi Vihar, Cuttack",5,Biraharekrushnapur
59,Puri Bus Stand,"Mahanadi Vihar, Cuttack",6,Malatipatpur
59,Puri Bus Stand,"Mahanadi Vihar, Cuttack",7,Tulasi Chaura Chaka
59,Puri Bus Stand,"Mahanadi Vihar, Cuttack",8,Chandanpur Bazar
59,Puri Bus Stand,"Mahanadi Vihar, Cuttack",9,Damodarpur Bazar
59,Puri Bus Stand,"Mahanadi Vihar, Cuttack",10,Birapratappur Bazar
59,Puri Bus Stand,"Mahanadi Vihar, Cuttack",11,Birapratappur
59,Puri Bus Stand,"Mahanadi Vihar, Cuttack",12,Chandanpur
59,Puri Bus Stand,"Mahanadi Vihar, Cuttack",13,Sakhigopal
59,Puri Bus Stand,"Mahanadi Vihar, Cuttack",14,Pattanaikia
59,Puri Bus Stand,"Mahanadi Vihar, Cuttack",15,Satasankha
59,Puri Bus Stand,"Mahanadi Vihar, Cuttack",16,Teisipur
59,Puri Bus Stand,"Mahanadi Vihar, Cuttack",17,Mangalpur
59,Puri Bus Stand,"Mahanadi Vihar, Cuttack",18,Dandamukundapur Bypass
59,Puri Bus Stand,"Mahanadi Vihar, Cuttack",19,Pipili Nimapada Chowk
59,Puri Bus Stand,"Mahanadi Vihar, Cuttack",20,Pipili Bypass
59,Puri Bus Stand,"Mahanadi Vihar, Cuttack",21,Hi-Tech Heaven
59,Puri Bus Stand,"Mahanadi Vihar, Cuttack",22,KEC
59,Puri Bus Stand,"Mahanadi Vihar, Cuttack",23,CIFA
59,Puri Bus Stand,"Mahanadi Vihar, Cuttack",24,Uttara Square
59,Puri Bus Stand,"Mahanadi Vihar, Cuttack",25,Balisahi
59,Puri Bus Stand,"Mahanadi Vihar, Cuttack",26,Dhauli Square
59,Puri Bus Stand,"Mahanadi Vihar, Cuttack",27,Lingipur
59,Puri Bus Stand,"Mahanadi Vihar, Cuttack",28,Sai Mandir
59,Puri Bus Stand,"Mahanadi Vihar, Cuttack",29,SR Valley
59,Puri Bus Stand,"Mahanadi Vihar, Cuttack",30,Mangraj Point (Kesora)
59,Puri Bus Stand,"Mahanadi Vihar, Cuttack",31,Pandra
59,Puri Bus Stand,"Mahanadi Vihar, Cuttack",32,Puri Bypass
59,Puri Bus Stand,"Mahanadi Vihar, Cuttack",33,Hi-Tech Hospital Square
59,Puri Bus Stand,"Mahanadi Vihar, Cuttack",34,Hanspal Square
59,Puri Bus Stand,"Mahanadi Vihar, Cuttack",35,Puri Canal Road
59,Puri Bus Stand,"Mahanadi Vihar, Cuttack",36,Highway Honda
59,Puri Bus Stand,"Mahanadi Vihar, Cuttack",37,Utkal Heights
59,Puri Bus Stand,"Mahanadi Vihar, Cuttack",38,Millenium City
59,Puri Bus Stand,"Mahanadi Vihar, Cuttack",39,Pahal
59,Puri Bus Stand,"Mahanadi Vihar, Cuttack",40,Apex College
59,Puri Bus Stand,"Mahanadi Vihar, Cuttack",41,Nakhara Square
59,Puri Bus Stand,"Mahanadi Vihar, Cuttack",42,Bamphakuda
59,Puri Bus Stand,"Mahanadi Vihar, Cuttack",43,Telenga Pentha
59,Puri Bus Stand,"Mahanadi Vihar, Cuttack",44,Delta Gada
59,Puri Bus Stand,"Mahanadi Vihar, Cuttack",45,Pratap Nagari
59,Puri Bus Stand,"Mahanadi Vihar, Cuttack",46,Bhanpur
59,Puri Bus Stand,"Mahanadi Vihar, Cuttack",47,Balikuda
59,Puri Bus Stand,"Mahanadi Vihar, Cuttack",48,Gopalpur Railway Station
59,Puri Bus Stand,"Mahanadi Vihar, Cuttack",49,Khapuria Square
59,Puri Bus Stand,"Mahanadi Vihar, Cuttack",50,Link Road
59,Puri Bus Stand,"Mahanadi Vihar, Cuttack",51,Nishamani Talkies
59,Puri Bus Stand,"Mahanadi Vihar, Cuttack",52,Arundoya Market
59,Puri Bus Stand,"Mahanadi Vihar, Cuttack",53,Pala Mandap
59,Puri Bus Stand,"Mahanadi Vihar, Cuttack",54,Badambadi Bus Stand
59,Puri Bus Stand,"Mahanadi Vihar, Cuttack",55,Pala Mandap
59,Puri Bus Stand,"Mahanadi Vihar, Cuttack",56,Arundoya Market
59,Puri Bus Stand,"Mahanadi Vihar, Cuttack",57,Nishamani Talkies
59,Puri Bus Stand,"Mahanadi Vihar, Cuttack",58,Link Road
59,Puri Bus Stand,"Mahanadi Vihar, Cuttack",59,Samrat Cinema
59,Puri Bus Stand,"Mahanadi Vihar, Cuttack",60,OMP Square
59,Puri Bus Stand,"Mahanadi Vihar, Cuttack",61,Gandarpur
59,Puri Bus Stand,"Mahanadi Vihar, Cuttack",62,Shikharpur
59,Puri Bus Stand,"Mahanadi Vihar, Cuttack",63,Kaliaboda Temple
59,Puri Bus Stand,"Mahanadi Vihar, Cuttack",64,Haramani Mandap
59,Puri Bus Stand,"Mahanadi Vihar, Cuttack",65,Kaliaboda Sub Post Office
59,Puri Bus Stand,"Mahanadi Vihar, Cuttack",66,Mahanadi Vihar
62,Bhubaneswar Railway Station,Suando,1,Bhubaneswar Railway Station
62,Bhubaneswar Railway Station,Suando,2,Master Canteen
62,Bhubaneswar Railway Station,Suando,3,Ashok Nagar
62,Bhubaneswar Railway Station,Suando,4,Rajmahal Square
62,Bhubaneswar Railway Station,Suando,5,Kalpana Square
62,Bhubaneswar Railway Station,Suando,6,State Museum
62,Bhubaneswar Railway Station,Suando,7,BJB College
62,Bhubaneswar Railway Station,Suando,8,NCC Canteen
62,Bhubaneswar Railway Station,Suando,9,Shree Hospital
62,Bhubaneswar Railway Station,Suando,10,Ravi Talkies
62,Bhubaneswar Railway Station,Suando,11,Kedar Gouri Temple
62,Bhubaneswar Railway Station,Suando,12,Gouri Nagar
62,Bhubaneswar Railway Station,Suando,13,Lingraj Temple Road
62,Bhubaneswar Railway Station,Suando,14,Samantarapur
62,Bhubaneswar Railway Station,Suando,15,Nuagaon
62,Bhubaneswar Railway Station,Suando,16,Sishupalgarh
62,Bhubaneswar Railway Station,Suando,17,Lingipur
62,Bhubaneswar Railway Station,Suando,18,Sri Sri Borda Hospital
62,Bhubaneswar Railway Station,Suando,19,Nathapur
62,Bhubaneswar Railway Station,Suando,20,Dhauli Square
62,Bhubaneswar Railway Station,Suando,21,Bali Sahi
62,Bhubaneswar Railway Station,Suando,22,Uttara Square
62,Bhubaneswar Railway Station,Suando,23,CIFA
62,Bhubaneswar Railway Station,Suando,24,KEC College
62,Bhubaneswar Railway Station,Suando,25,Gudia Pokhari Square
62,Bhubaneswar Railway Station,Suando,26,Siula
62,Bhubaneswar Railway Station,Suando,27,Gobardhanpur
62,Bhubaneswar Railway Station,Suando,28,Jaishpatna Chowk
62,Bhubaneswar Railway Station,Suando,29,Pipili Bypass
62,Bhubaneswar Railway Station,Suando,30,Pipili Overbridge
62,Bhubaneswar Railway Station,Suando,31,Dandamukundapur Bypass
62,Bhubaneswar Railway Station,Suando,32,Mangalpur
62,Bhubaneswar Railway Station,Suando,33,Teisipur
62,Bhubaneswar Railway Station,Suando,34,Satasankha
62,Bhubaneswar Railway Station,Suando,35,Pattanaikia
62,Bhubaneswar Railway Station,Suando,36,Mahabalapada
62,Bhubaneswar Railway Station,Suando,37,Brahmanasahi
62,Bhubaneswar Railway Station,Suando,38,Munida
62,Bhubaneswar Railway Station,Suando,39,Baral Baluknswar Temple
62,Bhubaneswar Railway Station,Suando,40,Kusameswar
62,Bhubaneswar Railway Station,Suando,41,Hariabuda
62,Bhubaneswar Railway Station,Suando,42,Panda Sahi
62,Bhubaneswar Railway Station,Suando,43,Balapur Sasan
62,Bhubaneswar Railway Station,Suando,44,Balapur Panchayat Office
62,Bhubaneswar Railway Station,Suando,45,Suando Market
62,Bhubaneswar Railway Station,Suando,46,Gopabandhu Janmapitha
63,Baramunda BSABT,"Madhabananda Temple, Niali",1,Baramunda BSABT
63,Baramunda BSABT,"Madhabananda Temple, Niali",2,Rajdhani College
63,Baramunda BSABT,"Madhabananda Temple, Niali",3,Fire Station Square
63,Baramunda BSABT,"Madhabananda Temple, Niali",4,CRPF Square
63,Baramunda BSABT,"Madhabananda Temple, Niali",5,Nayapalli
63,Baramunda BSABT,"Madhabananda Temple, Niali",6,ISKCON Temple
63,Baramunda BSABT,"Madhabananda Temple, Niali",7,NABARD
63,Baramunda BSABT,"Madhabananda Temple, Niali",8,Jaydev Vihar Flyover
63,Baramunda BSABT,"Madhabananda Temple, Niali",9,IMMT
63,Baramunda BSABT,"Madhabananda Temple, Niali",10,Acharya Vihar Square
63,Baramunda BSABT,"Madhabananda Temple, Niali",11,Vani Vihar Square
63,Baramunda BSABT,"Madhabananda Temple, Niali",12,Rasulgarh Square
63,Baramunda BSABT,"Madhabananda Temple, Niali",13,Palasuni
63,Baramunda BSABT,"Madhabananda Temple, Niali",14,Saptasati Temple
63,Baramunda BSABT,"Madhabananda Temple, Niali",15,Hi-Tech Hospital Square
63,Baramunda BSABT,"Madhabananda Temple, Niali",16,Hanspal Square
63,Baramunda BSABT,"Madhabananda Temple, Niali",17,Puri Canal Road
63,Baramunda BSABT,"Madhabananda Temple, Niali",18,Highway Honda
63,Baramunda BSABT,"Madhabananda Temple, Niali",19,Utkal Heights
63,Baramunda BSABT,"Madhabananda Temple, Niali",20,Millenium City
63,Baramunda BSABT,"Madhabananda Temple, Niali",21,Pahal
63,Baramunda BSABT,"Madhabananda Temple, Niali",22,Apex College
63,Baramunda BSABT,"Madhabananda Temple, Niali",23,Nakhara Square
63,Baramunda BSABT,"Madhabananda Temple, Niali",24,DPS Kalinga
63,Baramunda BSABT,"Madhabananda Temple, Niali",25,Synergy College
63,Baramunda BSABT,"Madhabananda Temple, Niali",26,Midland Height
63,Baramunda BSABT,"Madhabananda Temple, Niali",27,Jaypur Road
63,Baramunda BSABT,"Madhabananda Temple, Niali",28,East College
63,Baramunda BSABT,"Madhabananda Temple, Niali",29,Trinath Bazar
63,Baramunda BSABT,"Madhabananda Temple, Niali",30,Pachabati Bazar
63,Baramunda BSABT,"Madhabananda Temple, Niali",31,Bateswar Mahadev Temple
63,Baramunda BSABT,"Madhabananda Temple, Niali",32,Bhabani Nagar Phase-II
63,Baramunda BSABT,"Madhabananda Temple, Niali",33,Brahmani Jharilo
63,Baramunda BSABT,"Madhabananda Temple, Niali",34,Police Aid (Brahmani Jharilo)
63,Baramunda BSABT,"Madhabananda Temple, Niali",35,Kuranga
63,Baramunda BSABT,"Madhabananda Temple, Niali",36,Suddhananda Collge
63,Baramunda BSABT,"Madhabananda Temple, Niali",37,Ocean Water Park
63,Baramunda BSABT,"Madhabananda Temple, Niali",38,Snowman Logistics
63,Baramunda BSABT,"Madhabananda Temple, Niali",39,Bada Jharilo
63,Baramunda BSABT,"Madhabananda Temple, Niali",40,Sundargram
63,Baramunda BSABT,"Madhabananda Temple, Niali",41,Dadhichi Group
63,Baramunda BSABT,"Madhabananda Temple, Niali",42,Bagalpur Panchyat Office
63,Baramunda BSABT,"Madhabananda Temple, Niali",43,Dakhineswar Mahadev Temple
63,Baramunda BSABT,"Madhabananda Temple, Niali",44,Jharpada Road
63,Baramunda BSABT,"Madhabananda Temple, Niali",45,Kantapada
63,Baramunda BSABT,"Madhabananda Temple, Niali",46,PWD Dakabangala (Kantapada)
63,Baramunda BSABT,"Madhabananda Temple, Niali",47,Olatpur
63,Baramunda BSABT,"Madhabananda Temple, Niali",48,Sisua
63,Baramunda BSABT,"Madhabananda Temple, Niali",49,Ichhapur
63,Baramunda BSABT,"Madhabananda Temple, Niali",50,Barahipur
63,Baramunda BSABT,"Madhabananda Temple, Niali",51,Adaspur Bus Stand
63,Baramunda BSABT,"Madhabananda Temple, Niali",52,Adaspur Hospital
63,Baramunda BSABT,"Madhabananda Temple, Niali",53,Udayanath College
63,Baramunda BSABT,"Madhabananda Temple, Niali",54,Salei
63,Baramunda BSABT,"Madhabananda Temple, Niali",55,Kaliaghai Market
63,Baramunda BSABT,"Madhabananda Temple, Niali",56,R. K. Institute
63,Baramunda BSABT,"Madhabananda Temple, Niali",57,Apuja
63,Baramunda BSABT,"Madhabananda Temple, Niali",58,Nuagaon
63,Baramunda BSABT,"Madhabananda Temple, Niali",59,Niali College
63,Baramunda BSABT,"Madhabananda Temple, Niali",60,Majhikhanda Chaka
63,Baramunda BSABT,"Madhabananda Temple, Niali",61,Bank Chaka Niali
63,Baramunda BSABT,"Madhabananda Temple, Niali",62,Niali High School
63,Baramunda BSABT,"Madhabananda Temple, Niali",63,Niali P.S
63,Baramunda BSABT,"Madhabananda Temple, Niali",64,Fire Station (Niali)
63,Baramunda BSABT,"Madhabananda Temple, Niali",65,Jalaharpur
63,Baramunda BSABT,"Madhabananda Temple, Niali",66,Tolagopinatha Pur
63,Baramunda BSABT,"Madhabananda Temple, Niali",67,Panimala
63,Baramunda BSABT,"Madhabananda Temple, Niali",68,Madhab G.P
63,Baramunda BSABT,"Madhabananda Temple, Niali",69,Madhabananda High School
63,Baramunda BSABT,"Madhabananda Temple, Niali",70,Madhabananda Temple
64,Bhubaneswar Railway Station,Jatani Gate,1,Bhubaneswar Rly. Stn.
64,Bhubaneswar Railway Station,Jatani Gate,2,Master Canteen (Janpath)
64,Bhubaneswar Railway Station,Jatani Gate,3,Sriya Sq.
64,Bhubaneswar Railway Station,Jatani Gate,4,Ram Mandir
64,Bhubaneswar Railway Station,Jatani Gate,5,Satya Nagar Sq.
64,Bhubaneswar Railway Station,Jatani Gate,6,Satya Nagar
64,Bhubaneswar Railway Station,Jatani Gate,7,Maharshi College Sq.
64,Bhubaneswar Railway Station,Jatani Gate,8,Rupali Sq.
64,Bhubaneswar Railway Station,Jatani Gate,9,RD Womens College
64,Bhubaneswar Railway Station,Jatani Gate,10,Vani Vihar Sq.
64,Bhubaneswar Railway Station,Jatani Gate,11,Acharya Vihar Sq.
64,Bhubaneswar Railway Station,Jatani Gate,12,IMMT
64,Bhubaneswar Railway Station,Jatani Gate,13,Jaydev Vihar Sq.
64,Bhubaneswar Railway Station,Jatani Gate,14,NABARD
64,Bhubaneswar Railway Station,Jatani Gate,15,ISKCON Temple
64,Bhubaneswar Railway Station,Jatani Gate,16,Nayapalli
64,Bhubaneswar Railway Station,Jatani Gate,17,CRPF Sq.
64,Bhubaneswar Railway Station,Jatani Gate,18,Gopabandhu Nagar
64,Bhubaneswar Railway Station,Jatani Gate,19,Fire Station Sq.
64,Bhubaneswar Railway Station,Jatani Gate,20,Rajdhani College
64,Bhubaneswar Railway Station,Jatani Gate,21,Baramunda
64,Bhubaneswar Railway Station,Jatani Gate,22,Baramunda BSABT
64,Bhubaneswar Railway Station,Jatani Gate,23,Khandagiri Bypass
64,Bhubaneswar Railway Station,Jatani Gate,24,Khandagiri Sq.
64,Bhubaneswar Railway Station,Jatani Gate,25,Kolathia
64,Bhubaneswar Railway Station,Jatani Gate,26,Aiginia
64,Bhubaneswar Railway Station,Jatani Gate,27,Alu Godam
64,Bhubaneswar Railway Station,Jatani Gate,28,Patrapada
64,Bhubaneswar Railway Station,Jatani Gate,29,K9
64,Bhubaneswar Railway Station,Jatani Gate,30,Kalinga Vihar Sq.
64,Bhubaneswar Railway Station,Jatani Gate,31,Tamando
64,Bhubaneswar Railway Station,Jatani Gate,32,Bijipur
64,Bhubaneswar Railway Station,Jatani Gate,33,Gohiria Sq.
64,Bhubaneswar Railway Station,Jatani Gate,34,Badaraghunathpur
64,Bhubaneswar Railway Station,Jatani Gate,35,GEC
64,Bhubaneswar Railway Station,Jatani Gate,36,GITA
64,Bhubaneswar Railway Station,Jatani Gate,37,NIIS Group
64,Bhubaneswar Railway Station,Jatani Gate,38,Sanatan Harichandan College
64,Bhubaneswar Railway Station,Jatani Gate,39,Utkal University of Culture
64,Bhubaneswar Railway Station,Jatani Gate,40,Sanatan Harichandan College
64,Bhubaneswar Railway Station,Jatani Gate,41,Madanpur
64,Bhubaneswar Railway Station,Jatani Gate,42,Swami Vivekananda College
64,Bhubaneswar Railway Station,Jatani Gate,43,Durgapur
64,Bhubaneswar Railway Station,Jatani Gate,44,Infovalley P.S
64,Bhubaneswar Railway Station,Jatani Gate,45,Infosys II Main Gate
64,Bhubaneswar Railway Station,Jatani Gate,46,Infosys II
64,Bhubaneswar Railway Station,Jatani Gate,47,Bagchi Sri Shankara Hospital
64,Bhubaneswar Railway Station,Jatani Gate,48,Amrita Vidyalayam
64,Bhubaneswar Railway Station,Jatani Gate,49,Jatani Gate
65,Bhubaneswar Rly. Stn.,Wonderla Water Park-Khordha New Bus Stand,1,Bhubaneswar Rly Stn.
65,Bhubaneswar Rly. Stn.,Wonderla Water Park-Khordha New Bus Stand,2,Master Canteen Janpath
65,Bhubaneswar Rly. Stn.,Wonderla Water Park-Khordha New Bus Stand,3,Sriya Square
65,Bhubaneswar Rly. Stn.,Wonderla Water Park-Khordha New Bus Stand,4,Ram Mandir
65,Bhubaneswar Rly. Stn.,Wonderla Water Park-Khordha New Bus Stand,5,Satya Nagar Sq.
65,Bhubaneswar Rly. Stn.,Wonderla Water Park-Khordha New Bus Stand,6,Satya Nagar
65,Bhubaneswar Rly. Stn.,Wonderla Water Park-Khordha New Bus Stand,7,Maharshi College Sq.
65,Bhubaneswar Rly. Stn.,Wonderla Water Park-Khordha New Bus Stand,8,Rupali Square
65,Bhubaneswar Rly. Stn.,Wonderla Water Park-Khordha New Bus Stand,9,RD Womens College
65,Bhubaneswar Rly. Stn.,Wonderla Water Park-Khordha New Bus Stand,10,Vani Vihar
65,Bhubaneswar Rly. Stn.,Wonderla Water Park-Khordha New Bus Stand,11,Acharya Vihar Square
65,Bhubaneswar Rly. Stn.,Wonderla Water Park-Khordha New Bus Stand,12,IMMT
65,Bhubaneswar Rly. Stn.,Wonderla Water Park-Khordha New Bus Stand,13,Jaydev Vihar Square
65,Bhubaneswar Rly. Stn.,Wonderla Water Park-Khordha New Bus Stand,14,NABARD
65,Bhubaneswar Rly. Stn.,Wonderla Water Park-Khordha New Bus Stand,15,ISKCON Temple
65,Bhubaneswar Rly. Stn.,Wonderla Water Park-Khordha New Bus Stand,16,Nayapalli
65,Bhubaneswar Rly. Stn.,Wonderla Water Park-Khordha New Bus Stand,17,CRPF Square
65,Bhubaneswar Rly. Stn.,Wonderla Water Park-Khordha New Bus Stand,18,Gopabandhu Nagar
65,Bhubaneswar Rly. Stn.,Wonderla Water Park-Khordha New Bus Stand,19,Fire Station Square
65,Bhubaneswar Rly. Stn.,Wonderla Water Park-Khordha New Bus Stand,20,Rajdhani College
65,Bhubaneswar Rly. Stn.,Wonderla Water Park-Khordha New Bus Stand,21,Baramunda
65,Bhubaneswar Rly. Stn.,Wonderla Water Park-Khordha New Bus Stand,22,Baramunda BSABT
65,Bhubaneswar Rly. Stn.,Wonderla Water Park-Khordha New Bus Stand,23,Khandagiri Bypass
65,Bhubaneswar Rly. Stn.,Wonderla Water Park-Khordha New Bus Stand,24,Khandagiri Square
65,Bhubaneswar Rly. Stn.,Wonderla Water Park-Khordha New Bus Stand,25,Kolathia
65,Bhubaneswar Rly. Stn.,Wonderla Water Park-Khordha New Bus Stand,26,Aiginia
65,Bhubaneswar Rly. Stn.,Wonderla Water Park-Khordha New Bus Stand,27,Alu Godam
65,Bhubaneswar Rly. Stn.,Wonderla Water Park-Khordha New Bus Stand,28,Patrapada
65,Bhubaneswar Rly. Stn.,Wonderla Water Park-Khordha New Bus Stand,29,K9
65,Bhubaneswar Rly. Stn.,Wonderla Water Park-Khordha New Bus Stand,30,Kalinga Vihar Sq.
65,Bhubaneswar Rly. Stn.,Wonderla Water Park-Khordha New Bus Stand,31,Tamando
65,Bhubaneswar Rly. Stn.,Wonderla Water Park-Khordha New Bus Stand,32,Bijipur
65,Bhubaneswar Rly. Stn.,Wonderla Water Park-Khordha New Bus Stand,33,Gohiria Square
65,Bhubaneswar Rly. Stn.,Wonderla Water Park-Khordha New Bus Stand,34,Retang Road Square
65,Bhubaneswar Rly. Stn.,Wonderla Water Park-Khordha New Bus Stand,35,Janla Post Office
65,Bhubaneswar Rly. Stn.,Wonderla Water Park-Khordha New Bus Stand,36,Janla Medical
65,Bhubaneswar Rly. Stn.,Wonderla Water Park-Khordha New Bus Stand,37,Bhuasuni Temple
65,Bhubaneswar Rly. Stn.,Wonderla Water Park-Khordha New Bus Stand,38,Jatani Gate
65,Bhubaneswar Rly. Stn.,Wonderla Water Park-Khordha New Bus Stand,39,Gangapada
65,Bhubaneswar Rly. Stn.,Wonderla Water Park-Khordha New Bus Stand,40,Jupiter College
65,Bhubaneswar Rly. Stn.,Wonderla Water Park-Khordha New Bus Stand,41,Pitapalli Square
65,Bhubaneswar Rly. Stn.,Wonderla Water Park-Khordha New Bus Stand,42,Khordha Bypass Square
65,Bhubaneswar Rly. Stn.,Wonderla Water Park-Khordha New Bus Stand,43,Kumbharbasta Square
65,Bhubaneswar Rly. Stn.,Wonderla Water Park-Khordha New Bus Stand,44,Wonderla Square
65,Bhubaneswar Rly. Stn.,Wonderla Water Park-Khordha New Bus Stand,45,Wonderla Water Park
65,Bhubaneswar Rly. Stn.,Wonderla Water Park-Khordha New Bus Stand,46,Wonderla Square
65,Bhubaneswar Rly. Stn.,Wonderla Water Park-Khordha New Bus Stand,47,Kumbharbasta Square
65,Bhubaneswar Rly. Stn.,Wonderla Water Park-Khordha New Bus Stand,48,Pitapalli Square
65,Bhubaneswar Rly. Stn.,Wonderla Water Park-Khordha New Bus Stand,49,Khordha Bypass Square
65,Bhubaneswar Rly. Stn.,Wonderla Water Park-Khordha New Bus Stand,50,PN College
65,Bhubaneswar Rly. Stn.,Wonderla Water Park-Khordha New Bus Stand,51,UPHC
65,Bhubaneswar Rly. Stn.,Wonderla Water Park-Khordha New Bus Stand,52,Barunei Pitha
65,Bhubaneswar Rly. Stn.,Wonderla Water Park-Khordha New Bus Stand,53,Gada Khordha
65,Bhubaneswar Rly. Stn.,Wonderla Water Park-Khordha New Bus Stand,54,DRDA
65,Bhubaneswar Rly. Stn.,Wonderla Water Park-Khordha New Bus Stand,55,Old Collector Office
65,Bhubaneswar Rly. Stn.,Wonderla Water Park-Khordha New Bus Stand,56,Pallahata Square
65,Bhubaneswar Rly. Stn.,Wonderla Water Park-Khordha New Bus Stand,57,Khordha New Bus Stand
66,Bijupattnaik International Airport,Pathargadia Square,1,Biju Patnaik International Airport
66,Bijupattnaik International Airport,Pathargadia Square,2,New Airport Square
66,Bijupattnaik International Airport,Pathargadia Square,3,Capital Hospital
66,Bijupattnaik International Airport,Pathargadia Square,4,AG Square
66,Bijupattnaik International Airport,Pathargadia Square,5,Unit 1 Haat
66,Bijupattnaik International Airport,Pathargadia Square,6,Raj Mahal Square
66,Bijupattnaik International Airport,Pathargadia Square,7,Ashok Nagar
66,Bijupattnaik International Airport,Pathargadia Square,8,Master Canteen
66,Bijupattnaik International Airport,Pathargadia Square,9,Bhubaneswar Railway Station
66,Bijupattnaik International Airport,Pathargadia Square,10,Master Canteen (Janpath)
66,Bijupattnaik International Airport,Pathargadia Square,11,Sriya Square
66,Bijupattnaik International Airport,Pathargadia Square,12,Ram Mandir
66,Bijupattnaik International Airport,Pathargadia Square,13,Satya Nagar Square
66,Bijupattnaik International Airport,Pathargadia Square,14,Satya Nagar
66,Bijupattnaik International Airport,Pathargadia Square,15,Maharshi College Square
66,Bijupattnaik International Airport,Pathargadia Square,16,Rupali Square
66,Bijupattnaik International Airport,Pathargadia Square,17,RD Womens College
66,Bijupattnaik International Airport,Pathargadia Square,18,Vani Vihar Square
66,Bijupattnaik International Airport,Pathargadia Square,19,Vani Vihar
66,Bijupattnaik International Airport,Pathargadia Square,20,Acharya Vihar Square
66,Bijupattnaik International Airport,Pathargadia Square,21,Utkal University Gate-4
66,Bijupattnaik International Airport,Pathargadia Square,22,Apollo Hospital
66,Bijupattnaik International Airport,Pathargadia Square,23,Sainik School Square
66,Bijupattnaik International Airport,Pathargadia Square,24,Press Square
66,Bijupattnaik International Airport,Pathargadia Square,25,Gadakana Depot
66,Bijupattnaik International Airport,Pathargadia Square,26,Railway Market
66,Bijupattnaik International Airport,Pathargadia Square,27,Kendriya Vidyalaya No.3
66,Bijupattnaik International Airport,Pathargadia Square,28,Netaji Subhas Enclave
66,Bijupattnaik International Airport,Pathargadia Square,29,Kelucharan Park
66,Bijupattnaik International Airport,Pathargadia Square,30,Damana Square
66,Bijupattnaik International Airport,Pathargadia Square,31,Chandrashekharpur P.S.
66,Bijupattnaik International Airport,Pathargadia Square,32,Patia Square
66,Bijupattnaik International Airport,Pathargadia Square,33,Koel Campus
66,Bijupattnaik International Airport,Pathargadia Square,34,Kanan Vihar Phase-2
66,Bijupattnaik International Airport,Pathargadia Square,35,KIIT Square
66,Bijupattnaik International Airport,Pathargadia Square,36,KIIT Campus
66,Bijupattnaik International Airport,Pathargadia Square,37,KIMS Hospital
66,Bijupattnaik International Airport,Pathargadia Square,38,KISS College
66,Bijupattnaik International Airport,Pathargadia Square,39,Nilachal Nagar
66,Bijupattnaik International Airport,Pathargadia Square,40,Pathargadia Square
70,Bhubaneswar Railway Station,Konark,1,Bhubaneswar Rly. Stn.
70,Bhubaneswar Railway Station,Konark,2,Master Canteen
70,Bhubaneswar Railway Station,Konark,3,Ashok Nagar
70,Bhubaneswar Railway Station,Konark,4,Raj Mahal Sq.
70,Bhubaneswar Railway Station,Konark,5,Kalpana Sq.
70,Bhubaneswar Railway Station,Konark,6,State Museum
70,Bhubaneswar Railway Station,Konark,7,Ravi Talkies
70,Bhubaneswar Railway Station,Konark,8,Lingraj Temple Road
70,Bhubaneswar Railway Station,Konark,9,Mahavir Chowk
70,Bhubaneswar Railway Station,Konark,10,Samantarapur
70,Bhubaneswar Railway Station,Konark,11,Gangua Bridge
70,Bhubaneswar Railway Station,Konark,12,Lingipur
70,Bhubaneswar Railway Station,Konark,13,Dhauli Sq.
70,Bhubaneswar Railway Station,Konark,14,Uttara Sq.
70,Bhubaneswar Railway Station,Konark,15,CIFA Gate
70,Bhubaneswar Railway Station,Konark,16,KEC College
70,Bhubaneswar Railway Station,Konark,17,Gudia Pokhari Sq.
70,Bhubaneswar Railway Station,Konark,18,Hi-Tech Heaven
70,Bhubaneswar Railway Station,Konark,19,Siula
70,Bhubaneswar Railway Station,Konark,20,Lord's Way Apartment
70,Bhubaneswar Railway Station,Konark,21,Gobardhanpur
70,Bhubaneswar Railway Station,Konark,22,Jhinkirimal
70,Bhubaneswar Railway Station,Konark,23,Jaishpatna Chowk
70,Bhubaneswar Railway Station,Konark,24,Pipili Bypass
70,Bhubaneswar Railway Station,Konark,25,Pipili Over Bridge Sq.
70,Bhubaneswar Railway Station,Konark,26,Jagannathpur
70,Bhubaneswar Railway Station,Konark,27,Haripur
70,Bhubaneswar Railway Station,Konark,28,Harishpur (Khelar)
70,Bhubaneswar Railway Station,Konark,29,Kajipatna
70,Bhubaneswar Railway Station,Konark,30,Srimukha
70,Bhubaneswar Railway Station,Konark,31,Ratilo
70,Bhubaneswar Railway Station,Konark,32,Nimapada Bus Stand
70,Bhubaneswar Railway Station,Konark,33,Nimapada Women College
70,Bhubaneswar Railway Station,Konark,34,Jayshree Chhak
70,Bhubaneswar Railway Station,Konark,35,Nimapada Old Bus Stand
70,Bhubaneswar Railway Station,Konark,36,Gulgula Chhak
70,Bhubaneswar Railway Station,Konark,37,Dighalo
70,Bhubaneswar Railway Station,Konark,38,Gop Market
70,Bhubaneswar Railway Station,Konark,39,Gop P.S.
70,Bhubaneswar Railway Station,Konark,40,Begunia
70,Bhubaneswar Railway Station,Konark,41,Sareda
70,Bhubaneswar Railway Station,Konark,42,Junei
70,Bhubaneswar Railway Station,Konark,43,Madipur Chhak
70,Bhubaneswar Railway Station,Konark,44,Konark P.S.
70,Bhubaneswar Railway Station,Konark,45,Sun Temple
70,Bhubaneswar Railway Station,Konark,46,Konark
71,Baramunda BSABT,Konark,1,Baramunda BSABT
71,Baramunda BSABT,Konark,2,Rajdhani College
71,Baramunda BSABT,Konark,3,Fire Station Sq.
71,Baramunda BSABT,Konark,4,CRPF Sq.
71,Baramunda BSABT,Konark,5,NABARD
71,Baramunda BSABT,Konark,6,IMMT
71,Baramunda BSABT,Konark,7,Acharya Vihar Sq.
71,Baramunda BSABT,Konark,8,Vani Vihar Sq.
71,Baramunda BSABT,Konark,9,Rasulgarh Sq.
71,Baramunda BSABT,Konark,10,Bomikhal
71,Baramunda BSABT,Konark,11,Jharpada
71,Baramunda BSABT,Konark,12,Laxmi Sagar Sq.
71,Baramunda BSABT,Konark,13,Old Station Bazaar (Rly. Stn.)
71,Baramunda BSABT,Konark,14,Kalpana Sq.
71,Baramunda BSABT,Konark,15,State Museum
71,Baramunda BSABT,Konark,16,Ravi Talkies
71,Baramunda BSABT,Konark,17,Lingraj Temple Road
71,Baramunda BSABT,Konark,18,Mahavir Chowk
71,Baramunda BSABT,Konark,19,Samantarapur
71,Baramunda BSABT,Konark,20,Harishpur (Khelar)
71,Baramunda BSABT,Konark,21,Kajipatna
71,Baramunda BSABT,Konark,22,Nuagaon
71,Baramunda BSABT,Konark,23,Lingipur
71,Baramunda BSABT,Konark,24,Dhauli Sq.
71,Baramunda BSABT,Konark,25,Uttara Sq.
71,Baramunda BSABT,Konark,26,CIFA
71,Baramunda BSABT,Konark,27,KEC College
71,Baramunda BSABT,Konark,28,Gudia Pokhari Sq.
71,Baramunda BSABT,Konark,29,Hi-Tech Heaven
71,Baramunda BSABT,Konark,30,Siula
71,Baramunda BSABT,Konark,31,Lord's Way Apartment
71,Baramunda BSABT,Konark,32,Gobardhanpur
71,Baramunda BSABT,Konark,33,Jhinkirimal
71,Baramunda BSABT,Konark,34,Jaishpatna Chowk
71,Baramunda BSABT,Konark,35,Pipili Bypass
71,Baramunda BSABT,Konark,36,Pipili Over Bridge Sq.
71,Baramunda BSABT,Konark,37,Jagannathpur
71,Baramunda BSABT,Konark,38,Haripur
71,Baramunda BSABT,Konark,39,Srimukha
71,Baramunda BSABT,Konark,40,Ratilo
71,Baramunda BSABT,Konark,41,Nimapada Bus Stand
71,Baramunda BSABT,Konark,42,Nimapada Women College
71,Baramunda BSABT,Konark,43,Jayshree Chhak
71,Baramunda BSABT,Konark,44,Nimapada Old Bus Stand
71,Baramunda BSABT,Konark,45,Gulgula Chhak
71,Baramunda BSABT,Konark,46,Dighalo
71,Baramunda BSABT,Konark,47,Gop Market
71,Baramunda BSABT,Konark,48,Gop P.S.
71,Baramunda BSABT,Konark,49,Begunia
71,Baramunda BSABT,Konark,50,Sareda
71,Baramunda BSABT,Konark,51,Junei
71,Baramunda BSABT,Konark,52,Madipur Chhak
71,Baramunda BSABT,Konark,53,Konark P.S.
71,Baramunda BSABT,Konark,54,Sun Temple
71,Baramunda BSABT,Konark,55,Konark
73,Puri Bus Stand,Jagannath Medical College,1,Puri Bus Stand
73,Puri Bus Stand,Jagannath Medical College,2,Bholanath Vidyapith
73,Puri Bus Stand,Jagannath Medical College,3,Redcross Road
73,Puri Bus Stand,Jagannath Medical College,4,Medical Chhak
73,Puri Bus Stand,Jagannath Medical College,5,Police Line
73,Puri Bus Stand,Jagannath Medical College,6,Jhadeswari Square
73,Puri Bus Stand,Jagannath Medical College,7,PKDA
73,Puri Bus Stand,Jagannath Medical College,8,SCS College
73,Puri Bus Stand,Jagannath Medical College,9,Town Hall
73,Puri Bus Stand,Jagannath Medical College,10,Sea Beach Police Station
73,Puri Bus Stand,Jagannath Medical College,11,Collector Office
73,Puri Bus Stand,Jagannath Medical College,12,Subhash Bose Square
73,Puri Bus Stand,Jagannath Medical College,13,BNR Hotel
73,Puri Bus Stand,Jagannath Medical College,14,RTO (Puri)
73,Puri Bus Stand,Jagannath Medical College,15,Bedi Hanuman
73,Puri Bus Stand,Jagannath Medical College,16,Jagannath Stadium
73,Puri Bus Stand,Jagannath Medical College,17,GM Law College
73,Puri Bus Stand,Jagannath Medical College,18,Sanskrit University
73,Puri Bus Stand,Jagannath Medical College,19,Govt I.T.I College Square
73,Puri Bus Stand,Jagannath Medical College,20,P.K.D.A Colony Square
73,Puri Bus Stand,Jagannath Medical College,21,K.V Square
73,Puri Bus Stand,Jagannath Medical College,22,Bank Colony
73,Puri Bus Stand,Jagannath Medical College,23,Grid Station
73,Puri Bus Stand,Jagannath Medical College,24,Bali Guhali
73,Puri Bus Stand,Jagannath Medical College,25,Nagapatana
73,Puri Bus Stand,Jagannath Medical College,26,Jagannath Medical College
74,Shree Mandira,Puri Railway Station,1,Shree Mandira
74,Shree Mandira,Puri Railway Station,2,Municipality Market Sqr.
74,Shree Mandira,Puri Railway Station,3,Medical Chhak
74,Shree Mandira,Puri Railway Station,4,Redcross Road
74,Shree Mandira,Puri Railway Station,5,Bholanath Vidyapith
74,Shree Mandira,Puri Railway Station,6,Puri Bus Stand
74,Shree Mandira,Puri Railway Station,7,Matiapada Square
74,Shree Mandira,Puri Railway Station,8,Bholanath Vidyapith
74,Shree Mandira,Puri Railway Station,9,Redcross Road
74,Shree Mandira,Puri Railway Station,10,Police High School
74,Shree Mandira,Puri Railway Station,11,Puri Railway Station
75,Shree Mandira,Kakatpur,1,Shree Mandira
75,Shree Mandira,Kakatpur,2,Municipality Market Sqr.
75,Shree Mandira,Kakatpur,3,Medical Chhak
75,Shree Mandira,Kakatpur,4,Redcross Road
75,Shree Mandira,Kakatpur,5,Bholanath Vidyapith
75,Shree Mandira,Kakatpur,6,Puri Bus Stand
75,Shree Mandira,Kakatpur,7,Matiapada Square
75,Shree Mandira,Kakatpur,8,Sidha Mahavir
75,Shree Mandira,Kakatpur,9,Balighat
75,Shree Mandira,Kakatpur,10,Grid Station
75,Shree Mandira,Kakatpur,11,C.P.S Puri
75,Shree Mandira,Kakatpur,12,BBSR Bypass
75,Shree Mandira,Kakatpur,13,Toshali
75,Shree Mandira,Kakatpur,14,Beladala
75,Shree Mandira,Kakatpur,15,Water Park
75,Shree Mandira,Kakatpur,16,Balighai
75,Shree Mandira,Kakatpur,17,Ghanashyam Hemalata College
75,Shree Mandira,Kakatpur,18,District Jail (Puri)
75,Shree Mandira,Kakatpur,19,Bali Kapileswar
75,Shree Mandira,Kakatpur,20,Ramchandi
75,Shree Mandira,Kakatpur,21,Lotous Resort
75,Shree Mandira,Kakatpur,22,Chandrabhaga Beach
75,Shree Mandira,Kakatpur,23,Urban Market
75,Shree Mandira,Kakatpur,24,Konark
75,Shree Mandira,Kakatpur,25,Raulapatna
75,Shree Mandira,Kakatpur,26,Badhai Chaka
75,Shree Mandira,Kakatpur,27,Adarsha Vidyalaya
75,Shree Mandira,Kakatpur,28,Kurujang
75,Shree Mandira,Kakatpur,29,Jamara
75,Shree Mandira,Kakatpur,30,Balidokan
75,Shree Mandira,Kakatpur,31,Indira Bazar
75,Shree Mandira,Kakatpur,32,Tikarpada
75,Shree Mandira,Kakatpur,33,Gopabandhu Chaka
75,Shree Mandira,Kakatpur,34,Asijanga
75,Shree Mandira,Kakatpur,35,Ananda Bazar
75,Shree Mandira,Kakatpur,36,Chena Chaka
75,Shree Mandira,Kakatpur,37,Sankareswar
75,Shree Mandira,Kakatpur,38,Ram Mandir (Kundhei)
75,Shree Mandira,Kakatpur,39,Kundhei Hata
75,Shree Mandira,Kakatpur,40,Chotrapur
75,Shree Mandira,Kakatpur,41,Bali Sahi
75,Shree Mandira,Kakatpur,42,Haridaspur
75,Shree Mandira,Kakatpur,43,Chanapur
75,Shree Mandira,Kakatpur,44,Patapur
75,Shree Mandira,Kakatpur,45,Pradhan Sahi
75,Shree Mandira,Kakatpur,46,Othaka Hata
75,Shree Mandira,Kakatpur,47,Balara
75,Shree Mandira,Kakatpur,48,Block Chaka
75,Shree Mandira,Kakatpur,49,Kakatpur New Bus Stand
75,Shree Mandira,Kakatpur,50,College Chaka
75,Shree Mandira,Kakatpur,51,Old Bus Stand (Kakatpur)
75,Shree Mandira,Kakatpur,52,DRDO
76,Puri Bus Stand,Sakhigopal Temple,1,Puri Bus Stand
76,Puri Bus Stand,Sakhigopal Temple,2,Tulasi Chaura Chaka
76,Puri Bus Stand,Sakhigopal Temple,3,Bholanath Vidyapith
76,Puri Bus Stand,Sakhigopal Temple,4,Chandanpur Bazar
76,Puri Bus Stand,Sakhigopal Temple,5,Redcross Road
76,Puri Bus Stand,Sakhigopal Temple,6,Damodarpur Bazar
76,Puri Bus Stand,Sakhigopal Temple,7,Medical Chhak
76,Puri Bus Stand,Sakhigopal Temple,8,Kumbharpada P.S
76,Puri Bus Stand,Sakhigopal Temple,9,Athara Nala
76,Puri Bus Stand,Sakhigopal Temple,10,Mukunda Mishra Nagar
76,Puri Bus Stand,Sakhigopal Temple,11,Kadali Bari
76,Puri Bus Stand,Sakhigopal Temple,12,Shree Hari Vihar
76,Puri Bus Stand,Sakhigopal Temple,13,Bata Mangala Temple
76,Puri Bus Stand,Sakhigopal Temple,14,Biraharekrushnapur
76,Puri Bus Stand,Sakhigopal Temple,15,Bata Gaon
76,Puri Bus Stand,Sakhigopal Temple,16,Charishree Road
76,Puri Bus Stand,Sakhigopal Temple,17,Malatipatpur
76,Puri Bus Stand,Sakhigopal Temple,18,Birapratap Pur Bazar
76,Puri Bus Stand,Sakhigopal Temple,19,Birapratap Pur
76,Puri Bus Stand,Sakhigopal Temple,20,Chandanpur Bypass
76,Puri Bus Stand,Sakhigopal Temple,21,Samajajpur
76,Puri Bus Stand,Sakhigopal Temple,22,Biragobinda Pur
76,Puri Bus Stand,Sakhigopal Temple,23,Sakhigopal Block
76,Puri Bus Stand,Sakhigopal Temple,24,Sakhigopal
76,Puri Bus Stand,Sakhigopal Temple,25,RMC Market
76,Puri Bus Stand,Sakhigopal Temple,26,Narendra Pond
76,Puri Bus Stand,Sakhigopal Temple,27,Sakhigopal Temple
77,Puri Bus Stand,Nimapada Bus Stand,1,Puri Bus Stand
77,Puri Bus Stand,Nimapada Bus Stand,2,Matiapada Square
77,Puri Bus Stand,Nimapada Bus Stand,3,Sidha Mahavir
77,Puri Bus Stand,Nimapada Bus Stand,4,Balighat
77,Puri Bus Stand,Nimapada Bus Stand,5,Grid Station
77,Puri Bus Stand,Nimapada Bus Stand,6,C.P.S Puri
77,Puri Bus Stand,Nimapada Bus Stand,7,BBSR Bypass
77,Puri Bus Stand,Nimapada Bus Stand,8,Toshali
77,Puri Bus Stand,Nimapada Bus Stand,9,Beladala
77,Puri Bus Stand,Nimapada Bus Stand,10,Water Park
77,Puri Bus Stand,Nimapada Bus Stand,11,Balighai
77,Puri Bus Stand,Nimapada Bus Stand,12,Ghanashyam Hemalata College
77,Puri Bus Stand,Nimapada Bus Stand,13,DRDO
77,Puri Bus Stand,Nimapada Bus Stand,14,District Jail (Puri)
77,Puri Bus Stand,Nimapada Bus Stand,15,Bali Kapileswar
77,Puri Bus Stand,Nimapada Bus Stand,16,Ramchandi
77,Puri Bus Stand,Nimapada Bus Stand,17,Lotous Resort
77,Puri Bus Stand,Nimapada Bus Stand,18,Chandrabhaga Beach
77,Puri Bus Stand,Nimapada Bus Stand,19,Urban Market
77,Puri Bus Stand,Nimapada Bus Stand,20,Konark
77,Puri Bus Stand,Nimapada Bus Stand,21,Sun Temple
77,Puri Bus Stand,Nimapada Bus Stand,22,Konark P.S.
77,Puri Bus Stand,Nimapada Bus Stand,23,Madipur Chhak
77,Puri Bus Stand,Nimapada Bus Stand,24,Junei
77,Puri Bus Stand,Nimapada Bus Stand,25,Sareda
77,Puri Bus Stand,Nimapada Bus Stand,26,Begunia
77,Puri Bus Stand,Nimapada Bus Stand,27,Gop P.S.
77,Puri Bus Stand,Nimapada Bus Stand,28,Gop Market
77,Puri Bus Stand,Nimapada Bus Stand,29,Dighalo
77,Puri Bus Stand,Nimapada Bus Stand,30,Gulgula Chhak
77,Puri Bus Stand,Nimapada Bus Stand,31,Nimapada Old Bus Stand
77,Puri Bus Stand,Nimapada Bus Stand,32,Jayshree Chhak
77,Puri Bus Stand,Nimapada Bus Stand,33,Nimapada Women College
77,Puri Bus Stand,Nimapada Bus Stand,34,Nimapada Bus Stand
80,"Charbatia, Cuttack","NLUO, Cuttack",1,Dmti Bazar
80,"Charbatia, Cuttack","NLUO, Cuttack",2,Baideswar Temple (Agrahat)
80,"Charbatia, Cuttack","NLUO, Cuttack",3,Charbatia
80,"Charbatia, Cuttack","NLUO, Cuttack",4,Choudwar Jail
80,"Charbatia, Cuttack","NLUO, Cuttack",5,Imfa Gate 12
80,"Charbatia, Cuttack","NLUO, Cuttack",6,Kalinga Bazar
80,"Charbatia, Cuttack","NLUO, Cuttack",7,Choudwar Police Station
80,"Charbatia, Cuttack","NLUO, Cuttack",8,Gandhi Chaka
80,"Charbatia, Cuttack","NLUO, Cuttack",9,Municipality Office Choudwar
80,"Charbatia, Cuttack","NLUO, Cuttack",10,Kali Mandir Choudwar
80,"Charbatia, Cuttack","NLUO, Cuttack",11,Birupa Anicut
80,"Charbatia, Cuttack","NLUO, Cuttack",12,Birupa Vihar Square
80,"Charbatia, Cuttack","NLUO, Cuttack",13,Laxmanpur
80,"Charbatia, Cuttack","NLUO, Cuttack",14,Sai Sports Authority India
80,"Charbatia, Cuttack","NLUO, Cuttack",15,Pandasahi Road
80,"Charbatia, Cuttack","NLUO, Cuttack",16,Sikaripur
80,"Charbatia, Cuttack","NLUO, Cuttack",17,Jobra Anicut
80,"Charbatia, Cuttack","NLUO, Cuttack",18,Settlement Office
80,"Charbatia, Cuttack","NLUO, Cuttack",19,SCB Medical
80,"Charbatia, Cuttack","NLUO, Cuttack",20,Balaji Hospital
80,"Charbatia, Cuttack","NLUO, Cuttack",21,Clock Tower
80,"Charbatia, Cuttack","NLUO, Cuttack",22,Ravenshaw University
80,"Charbatia, Cuttack","NLUO, Cuttack",23,Cuttack Railway Station
80,"Charbatia, Cuttack","NLUO, Cuttack",24,OMP Square
80,"Charbatia, Cuttack","NLUO, Cuttack",25,Samrat Cinema
80,"Charbatia, Cuttack","NLUO, Cuttack",26,Link Road
80,"Charbatia, Cuttack","NLUO, Cuttack",27,Nishamani Talkies
80,"Charbatia, Cuttack","NLUO, Cuttack",28,Arundoya Market
80,"Charbatia, Cuttack","NLUO, Cuttack",29,Pala Mandap
80,"Charbatia, Cuttack","NLUO, Cuttack",30,Badambadi Bus Stand
80,"Charbatia, Cuttack","NLUO, Cuttack",31,Badambadi Square
80,"Charbatia, Cuttack","NLUO, Cuttack",32,CNBT
80,"Charbatia, Cuttack","NLUO, Cuttack",33,City College
80,"Charbatia, Cuttack","NLUO, Cuttack",34,Puri Ghat Police Station
80,"Charbatia, Cuttack","NLUO, Cuttack",35,Cuttack Sai Temple
80,"Charbatia, Cuttack","NLUO, Cuttack",36,High Court Road
80,"Charbatia, Cuttack","NLUO, Cuttack",37,Sishu Bhawan
80,"Charbatia, Cuttack","NLUO, Cuttack",38,Judicial Academy
80,"Charbatia, Cuttack","NLUO, Cuttack",39,Dagarpada Road
80,"Charbatia, Cuttack","NLUO, Cuttack",40,Sati Choura Square
80,"Charbatia, Cuttack","NLUO, Cuttack",41,Eye Hospital Square
80,"Charbatia, Cuttack","NLUO, Cuttack",42,CDA 6 Park
80,"Charbatia, Cuttack","NLUO, Cuttack",43,CDA 9 Market Square
80,"Charbatia, Cuttack","NLUO, Cuttack",44,CDA Sector 9
80,"Charbatia, Cuttack","NLUO, Cuttack",45,Drug Controller Office
80,"Charbatia, Cuttack","NLUO, Cuttack",46,Shelter Colony
80,"Charbatia, Cuttack","NLUO, Cuttack",47,Sims College
80,"Charbatia, Cuttack","NLUO, Cuttack",48,State Bank Square
80,"Charbatia, Cuttack","NLUO, Cuttack",49,Biju Patnaik Park
80,"Charbatia, Cuttack","NLUO, Cuttack",50,Netaji Subhash Chhak Cuttack
80,"Charbatia, Cuttack","NLUO, Cuttack",51,CDA Sector 13
80,"Charbatia, Cuttack","NLUO, Cuttack",52,Ravenshaw University (Mahanadi Campus)
80,"Charbatia, Cuttack","NLUO, Cuttack",53,National Law University Odisha
80,"Charbatia, Cuttack","NLUO, Cuttack",54,Nluo Hostel
80,"Charbatia, Cuttack","NLUO, Cuttack",55,Police Out Post Naraj
81,Barabati Stadium,"Jagannath Temple, Salepur",1,Barabati Stadium
81,Barabati Stadium,"Jagannath Temple, Salepur",2,NCC CSD Canteen
81,Barabati Stadium,"Jagannath Temple, Salepur",3,OPSC
81,Barabati Stadium,"Jagannath Temple, Salepur",4,State Police Headquarter
81,Barabati Stadium,"Jagannath Temple, Salepur",5,Cantonment Road
81,Barabati Stadium,"Jagannath Temple, Salepur",6,Maachhua Bazar
81,Barabati Stadium,"Jagannath Temple, Salepur",7,Matamatha
81,Barabati Stadium,"Jagannath Temple, Salepur",8,Professors Colony
81,Barabati Stadium,"Jagannath Temple, Salepur",9,Bose College
81,Barabati Stadium,"Jagannath Temple, Salepur",10,State Maritime Museum
81,Barabati Stadium,"Jagannath Temple, Salepur",11,Taladanda Bridge
81,Barabati Stadium,"Jagannath Temple, Salepur",12,Jobra Anicut
81,Barabati Stadium,"Jagannath Temple, Salepur",13,Settlement Office
81,Barabati Stadium,"Jagannath Temple, Salepur",14,SCB Medical
81,Barabati Stadium,"Jagannath Temple, Salepur",15,Balaji Hospital
81,Barabati Stadium,"Jagannath Temple, Salepur",16,Ranihat Durga Mandap
81,Barabati Stadium,"Jagannath Temple, Salepur",17,Ravenshaw University
81,Barabati Stadium,"Jagannath Temple, Salepur",18,Cuttack Rly. Stn.
81,Barabati Stadium,"Jagannath Temple, Salepur",19,OMP Sq.
81,Barabati Stadium,"Jagannath Temple, Salepur",20,Gandarpur
81,Barabati Stadium,"Jagannath Temple, Salepur",21,Shikharpur
81,Barabati Stadium,"Jagannath Temple, Salepur",22,Jagatpur
81,Barabati Stadium,"Jagannath Temple, Salepur",23,Jagatpur P.S
81,Barabati Stadium,"Jagannath Temple, Salepur",24,Sadguru Medical
81,Barabati Stadium,"Jagannath Temple, Salepur",25,Ipicol Square
81,Barabati Stadium,"Jagannath Temple, Salepur",26,Khaira Bridge
81,Barabati Stadium,"Jagannath Temple, Salepur",27,Imam Nagar
81,Barabati Stadium,"Jagannath Temple, Salepur",28,Gunjarpur
81,Barabati Stadium,"Jagannath Temple, Salepur",29,Peer Bazar
81,Barabati Stadium,"Jagannath Temple, Salepur",30,Champati Road
81,Barabati Stadium,"Jagannath Temple, Salepur",31,Bhairpur
81,Barabati Stadium,"Jagannath Temple, Salepur",32,E-Kart Logistic Hub
81,Barabati Stadium,"Jagannath Temple, Salepur",33,Padamapur
81,Barabati Stadium,"Jagannath Temple, Salepur",34,Padamapur UPHC
81,Barabati Stadium,"Jagannath Temple, Salepur",35,Talabazar
81,Barabati Stadium,"Jagannath Temple, Salepur",36,Kazi Bazar
81,Barabati Stadium,"Jagannath Temple, Salepur",37,Laxmi Nrusingha Bazar
81,Barabati Stadium,"Jagannath Temple, Salepur",38,Mahajanpur
81,Barabati Stadium,"Jagannath Temple, Salepur",39,Paga Chhaka
81,Barabati Stadium,"Jagannath Temple, Salepur",40,Bahugram
81,Barabati Stadium,"Jagannath Temple, Salepur",41,Kharakhia
81,Barabati Stadium,"Jagannath Temple, Salepur",42,Kharakhia Market
81,Barabati Stadium,"Jagannath Temple, Salepur",43,Bhatapada
81,Barabati Stadium,"Jagannath Temple, Salepur",44,Nandolgada
81,Barabati Stadium,"Jagannath Temple, Salepur",45,Nalia Munha
81,Barabati Stadium,"Jagannath Temple, Salepur",46,Bahabalpur
81,Barabati Stadium,"Jagannath Temple, Salepur",47,Sisua Market
81,Barabati Stadium,"Jagannath Temple, Salepur",48,Balisahi
81,Barabati Stadium,"Jagannath Temple, Salepur",49,Machuati
81,Barabati Stadium,"Jagannath Temple, Salepur",50,Salepur Market
81,Barabati Stadium,"Jagannath Temple, Salepur",51,Salepur
81,Barabati Stadium,"Jagannath Temple, Salepur",52,Jagannath Temple (Salepur)
82,Biju Patnaik Intl. Airport,"SCB Medical, Cuttack",1,Biju Patnaik Int. Airport
82,Biju Patnaik Intl. Airport,"SCB Medical, Cuttack",2,New Airport Square
82,Biju Patnaik Intl. Airport,"SCB Medical, Cuttack",3,Capital Hospital
82,Biju Patnaik Intl. Airport,"SCB Medical, Cuttack",4,AG Square
82,Biju Patnaik Intl. Airport,"SCB Medical, Cuttack",5,Unit 1 Haat
82,Biju Patnaik Intl. Airport,"SCB Medical, Cuttack",6,Raj Mahal Square
82,Biju Patnaik Intl. Airport,"SCB Medical, Cuttack",7,Ashok Nagar
82,Biju Patnaik Intl. Airport,"SCB Medical, Cuttack",8,Master Canteen
82,Biju Patnaik Intl. Airport,"SCB Medical, Cuttack",9,Bhubaneswar Railway Station
82,Biju Patnaik Intl. Airport,"SCB Medical, Cuttack",10,Master Canteen Janpath
82,Biju Patnaik Intl. Airport,"SCB Medical, Cuttack",11,Sriya Square
82,Biju Patnaik Intl. Airport,"SCB Medical, Cuttack",12,Ram Mandir
82,Biju Patnaik Intl. Airport,"SCB Medical, Cuttack",13,Satya Nagar Square
82,Biju Patnaik Intl. Airport,"SCB Medical, Cuttack",14,Satya Nagar
82,Biju Patnaik Intl. Airport,"SCB Medical, Cuttack",15,Maharshi College Square
82,Biju Patnaik Intl. Airport,"SCB Medical, Cuttack",16,Rupali Square
82,Biju Patnaik Intl. Airport,"SCB Medical, Cuttack",17,RD Womens College
82,Biju Patnaik Intl. Airport,"SCB Medical, Cuttack",18,Vani Vihar Square
82,Biju Patnaik Intl. Airport,"SCB Medical, Cuttack",19,Satsangha Vihar
82,Biju Patnaik Intl. Airport,"SCB Medical, Cuttack",20,VSS Nagar Road
82,Biju Patnaik Intl. Airport,"SCB Medical, Cuttack",21,Rasulgarh Square
82,Biju Patnaik Intl. Airport,"SCB Medical, Cuttack",22,Palasuni
82,Biju Patnaik Intl. Airport,"SCB Medical, Cuttack",23,Saptasati Temple
82,Biju Patnaik Intl. Airport,"SCB Medical, Cuttack",24,Hi-Tech Hospital Square
82,Biju Patnaik Intl. Airport,"SCB Medical, Cuttack",25,Hanspal Square
82,Biju Patnaik Intl. Airport,"SCB Medical, Cuttack",26,Puri Canal Road
82,Biju Patnaik Intl. Airport,"SCB Medical, Cuttack",27,Highway Honda
82,Biju Patnaik Intl. Airport,"SCB Medical, Cuttack",28,Assotech World
82,Biju Patnaik Intl. Airport,"SCB Medical, Cuttack",29,Utkal Heights
82,Biju Patnaik Intl. Airport,"SCB Medical, Cuttack",30,Millenium City
82,Biju Patnaik Intl. Airport,"SCB Medical, Cuttack",31,Pahal
82,Biju Patnaik Intl. Airport,"SCB Medical, Cuttack",32,Apex College
82,Biju Patnaik Intl. Airport,"SCB Medical, Cuttack",33,Sum Hospital Campus 2
82,Biju Patnaik Intl. Airport,"SCB Medical, Cuttack",34,Nakhara Square
82,Biju Patnaik Intl. Airport,"SCB Medical, Cuttack",35,Bamphakuda
82,Biju Patnaik Intl. Airport,"SCB Medical, Cuttack",36,Telenga Pentha
82,Biju Patnaik Intl. Airport,"SCB Medical, Cuttack",37,Delta Gada
82,Biju Patnaik Intl. Airport,"SCB Medical, Cuttack",38,Pratap Nagari
82,Biju Patnaik Intl. Airport,"SCB Medical, Cuttack",39,Bhanpur
82,Biju Patnaik Intl. Airport,"SCB Medical, Cuttack",40,Balikuda
82,Biju Patnaik Intl. Airport,"SCB Medical, Cuttack",41,Gopalpur Railway Station
82,Biju Patnaik Intl. Airport,"SCB Medical, Cuttack",42,Khapuria Square
82,Biju Patnaik Intl. Airport,"SCB Medical, Cuttack",43,Link Road
82,Biju Patnaik Intl. Airport,"SCB Medical, Cuttack",44,Samrat Cinema
82,Biju Patnaik Intl. Airport,"SCB Medical, Cuttack",45,OMP Square
82,Biju Patnaik Intl. Airport,"SCB Medical, Cuttack",46,Cuttack Railway Station
82,Biju Patnaik Intl. Airport,"SCB Medical, Cuttack",47,Ravenshaw University
82,Biju Patnaik Intl. Airport,"SCB Medical, Cuttack",48,Clock Tower
82,Biju Patnaik Intl. Airport,"SCB Medical, Cuttack",49,Balaji Hospital
82,Biju Patnaik Intl. Airport,"SCB Medical, Cuttack",50,SCB Medical
82,Biju Patnaik Intl. Airport,"SCB Medical, Cuttack",51,Settlement Office
83,Kandarpur,"Dhabaleswar, Cuttack",1,Kandarpur
83,Kandarpur,"Dhabaleswar, Cuttack",2,Kandarpur College
83,Kandarpur,"Dhabaleswar, Cuttack",3,Athanga
83,Kandarpur,"Dhabaleswar, Cuttack",4,Chanduli Bridge
83,Kandarpur,"Dhabaleswar, Cuttack",5,Baral Laxminarayan Temple
83,Kandarpur,"Dhabaleswar, Cuttack",6,Nilakantha Nath Road
83,Kandarpur,"Dhabaleswar, Cuttack",7,Baral
83,Kandarpur,"Dhabaleswar, Cuttack",8,Kulakalapada
83,Kandarpur,"Dhabaleswar, Cuttack",9,Kulasarichuan
83,Kandarpur,"Dhabaleswar, Cuttack",10,Kalapada Market
83,Kandarpur,"Dhabaleswar, Cuttack",11,Deuli
83,Kandarpur,"Dhabaleswar, Cuttack",12,Dahi Gaon
83,Kandarpur,"Dhabaleswar, Cuttack",13,Govindpur Market
83,Kandarpur,"Dhabaleswar, Cuttack",14,Kantunia
83,Kandarpur,"Dhabaleswar, Cuttack",15,Bentakar
83,Kandarpur,"Dhabaleswar, Cuttack",16,Dadhibamanpur
83,Kandarpur,"Dhabaleswar, Cuttack",17,Sriram Market
83,Kandarpur,"Dhabaleswar, Cuttack",18,Tarini Temple (Berhampur)
83,Kandarpur,"Dhabaleswar, Cuttack",19,Berhampur
83,Kandarpur,"Dhabaleswar, Cuttack",20,Jhinkiria
83,Kandarpur,"Dhabaleswar, Cuttack",21,Bali Sahi
83,Kandarpur,"Dhabaleswar, Cuttack",22,Ghatakula
83,Kandarpur,"Dhabaleswar, Cuttack",23,Industrial Estate Road
83,Kandarpur,"Dhabaleswar, Cuttack",24,Govt. ITI Cuttack
83,Kandarpur,"Dhabaleswar, Cuttack",25,Khapuria Sq.
83,Kandarpur,"Dhabaleswar, Cuttack",26,Link Road
83,Kandarpur,"Dhabaleswar, Cuttack",27,Nishamani Talkies
83,Kandarpur,"Dhabaleswar, Cuttack",28,Arundoya Market
83,Kandarpur,"Dhabaleswar, Cuttack",29,Pala Mandap
83,Kandarpur,"Dhabaleswar, Cuttack",30,Badambadi Bus Stand
83,Kandarpur,"Dhabaleswar, Cuttack",31,Badambadi Sq.
83,Kandarpur,"Dhabaleswar, Cuttack",32,CNBT
83,Kandarpur,"Dhabaleswar, Cuttack",33,City College (Cuttack)
83,Kandarpur,"Dhabaleswar, Cuttack",34,Puri Ghat P.S.
83,Kandarpur,"Dhabaleswar, Cuttack",35,Cuttack Sai Temple
83,Kandarpur,"Dhabaleswar, Cuttack",36,High Court Road
83,Kandarpur,"Dhabaleswar, Cuttack",37,Sishu Bhawan (Cuttack)
83,Kandarpur,"Dhabaleswar, Cuttack",38,Judicial Academy
83,Kandarpur,"Dhabaleswar, Cuttack",39,Vdagarpada Road
83,Kandarpur,"Dhabaleswar, Cuttack",40,Sati Choura Sq.
83,Kandarpur,"Dhabaleswar, Cuttack",41,Eye Hospital Sq.
83,Kandarpur,"Dhabaleswar, Cuttack",42,Windsor Place
83,Kandarpur,"Dhabaleswar, Cuttack",43,CDA Govt Hospital
83,Kandarpur,"Dhabaleswar, Cuttack",44,IPSAR
83,Kandarpur,"Dhabaleswar, Cuttack",45,CESU CDA 9 Road
83,Kandarpur,"Dhabaleswar, Cuttack",46,ICAI Bhawan
83,Kandarpur,"Dhabaleswar, Cuttack",47,Tonpe Road
83,Kandarpur,"Dhabaleswar, Cuttack",48,Justice Sq.
83,Kandarpur,"Dhabaleswar, Cuttack",49,State Bank Square (CDA)
83,Kandarpur,"Dhabaleswar, Cuttack",50,Biju Patnaik Park (Cuttack)
83,Kandarpur,"Dhabaleswar, Cuttack",51,Madhusudan Bridge Sq.
83,Kandarpur,"Dhabaleswar, Cuttack",52,Nuapatana Road
83,Kandarpur,"Dhabaleswar, Cuttack",53,Dhabaleswar Temple Rd.
83,Kandarpur,"Dhabaleswar, Cuttack",54,Dhabaleswar
84,"Markatnagar, CDA 7","Madhabananda Temple, Niali",1,Markatnagar (CDA 7)
84,"Markatnagar, CDA 7","Madhabananda Temple, Niali",2,CDA 6 Park
84,"Markatnagar, CDA 7","Madhabananda Temple, Niali",3,Eye Hospital Square
84,"Markatnagar, CDA 7","Madhabananda Temple, Niali",4,Sati Choura Square
84,"Markatnagar, CDA 7","Madhabananda Temple, Niali",5,Dagarpada Road
84,"Markatnagar, CDA 7","Madhabananda Temple, Niali",6,Judicial Academy
84,"Markatnagar, CDA 7","Madhabananda Temple, Niali",7,Sishu Bhawan (Cuttack)
84,"Markatnagar, CDA 7","Madhabananda Temple, Niali",8,High Court Road
84,"Markatnagar, CDA 7","Madhabananda Temple, Niali",9,Cuttack Sai Temple
84,"Markatnagar, CDA 7","Madhabananda Temple, Niali",10,Puri Ghat P.S.
84,"Markatnagar, CDA 7","Madhabananda Temple, Niali",11,City College (Cuttack)
84,"Markatnagar, CDA 7","Madhabananda Temple, Niali",12,Khannagar Traffic
84,"Markatnagar, CDA 7","Madhabananda Temple, Niali",13,CNBT
84,"Markatnagar, CDA 7","Madhabananda Temple, Niali",14,Badambadi Square
84,"Markatnagar, CDA 7","Madhabananda Temple, Niali",15,Badambadi Bus Stand
84,"Markatnagar, CDA 7","Madhabananda Temple, Niali",16,Pala Mandap
84,"Markatnagar, CDA 7","Madhabananda Temple, Niali",17,Arundoya Market
84,"Markatnagar, CDA 7","Madhabananda Temple, Niali",18,Nishamani Talkies
84,"Markatnagar, CDA 7","Madhabananda Temple, Niali",19,Link Road
84,"Markatnagar, CDA 7","Madhabananda Temple, Niali",20,Khapuria Square
84,"Markatnagar, CDA 7","Madhabananda Temple, Niali",21,Gopalpur Railway Station
84,"Markatnagar, CDA 7","Madhabananda Temple, Niali",22,Balikuda
84,"Markatnagar, CDA 7","Madhabananda Temple, Niali",23,Bhanpur
84,"Markatnagar, CDA 7","Madhabananda Temple, Niali",24,Pratap Nagari
84,"Markatnagar, CDA 7","Madhabananda Temple, Niali",25,Delta Gada
84,"Markatnagar, CDA 7","Madhabananda Temple, Niali",26,Telenga Pentha
84,"Markatnagar, CDA 7","Madhabananda Temple, Niali",27,Bamphakuda
84,"Markatnagar, CDA 7","Madhabananda Temple, Niali",28,Nakhara Square
84,"Markatnagar, CDA 7","Madhabananda Temple, Niali",29,DPS Kalinga
84,"Markatnagar, CDA 7","Madhabananda Temple, Niali",30,Synergy College
84,"Markatnagar, CDA 7","Madhabananda Temple, Niali",31,Midland Height
84,"Markatnagar, CDA 7","Madhabananda Temple, Niali",32,Jaypur Road
84,"Markatnagar, CDA 7","Madhabananda Temple, Niali",33,East College
84,"Markatnagar, CDA 7","Madhabananda Temple, Niali",34,Trinath Bazar
84,"Markatnagar, CDA 7","Madhabananda Temple, Niali",35,Pachabati Bazar
84,"Markatnagar, CDA 7","Madhabananda Temple, Niali",36,Bateswar Mahadev Temple
84,"Markatnagar, CDA 7","Madhabananda Temple, Niali",37,Bhabani Nagar Phase-II
84,"Markatnagar, CDA 7","Madhabananda Temple, Niali",38,Brahmani Jharilo
84,"Markatnagar, CDA 7","Madhabananda Temple, Niali",39,Police Aid (Brahmani Jharilo)
84,"Markatnagar, CDA 7","Madhabananda Temple, Niali",40,Kuranga
84,"Markatnagar, CDA 7","Madhabananda Temple, Niali",41,Suddhananda Collge
84,"Markatnagar, CDA 7","Madhabananda Temple, Niali",42,Ocean Water Park
84,"Markatnagar, CDA 7","Madhabananda Temple, Niali",43,Snowman Logistics
84,"Markatnagar, CDA 7","Madhabananda Temple, Niali",44,Bada Jharilo
84,"Markatnagar, CDA 7","Madhabananda Temple, Niali",45,Sundargram
84,"Markatnagar, CDA 7","Madhabananda Temple, Niali",46,Dadhichi Group
84,"Markatnagar, CDA 7","Madhabananda Temple, Niali",47,Bagalpur Panchyat Office
84,"Markatnagar, CDA 7","Madhabananda Temple, Niali",48,Dakhineswar Mahadev Temple
84,"Markatnagar, CDA 7","Madhabananda Temple, Niali",49,Jharpada Road
84,"Markatnagar, CDA 7","Madhabananda Temple, Niali",50,Kantapada
84,"Markatnagar, CDA 7","Madhabananda Temple, Niali",51,PWD Dakabangala
84,"Markatnagar, CDA 7","Madhabananda Temple, Niali",52,Olatpur
84,"Markatnagar, CDA 7","Madhabananda Temple, Niali",53,SVNIRTAR
84,"Markatnagar, CDA 7","Madhabananda Temple, Niali",54,Olatpur
84,"Markatnagar, CDA 7","Madhabananda Temple, Niali",55,Sisua
84,"Markatnagar, CDA 7","Madhabananda Temple, Niali",56,Ichhapur
84,"Markatnagar, CDA 7","Madhabananda Temple, Niali",57,Barahipur
84,"Markatnagar, CDA 7","Madhabananda Temple, Niali",58,Adaspur Bus Stand
84,"Markatnagar, CDA 7","Madhabananda Temple, Niali",59,Adaspur Hospital
84,"Markatnagar, CDA 7","Madhabananda Temple, Niali",60,Udayanath College
84,"Markatnagar, CDA 7","Madhabananda Temple, Niali",61,Salei
84,"Markatnagar, CDA 7","Madhabananda Temple, Niali",62,Kaliaghai Market
84,"Markatnagar, CDA 7","Madhabananda Temple, Niali",63,R. K. Institute
84,"Markatnagar, CDA 7","Madhabananda Temple, Niali",64,Apuja
84,"Markatnagar, CDA 7","Madhabananda Temple, Niali",65,Nuagaon
84,"Markatnagar, CDA 7","Madhabananda Temple, Niali",66,Niali College
84,"Markatnagar, CDA 7","Madhabananda Temple, Niali",67,Majhikhanda Chaka
84,"Markatnagar, CDA 7","Madhabananda Temple, Niali",68,Bank Chaka Niali
84,"Markatnagar, CDA 7","Madhabananda Temple, Niali",69,Niali High School
84,"Markatnagar, CDA 7","Madhabananda Temple, Niali",70,Niali P.S
84,"Markatnagar, CDA 7","Madhabananda Temple, Niali",71,Fire Station (Niali)
84,"Markatnagar, CDA 7","Madhabananda Temple, Niali",72,Jalaharpur
84,"Markatnagar, CDA 7","Madhabananda Temple, Niali",73,Tolagopinatha Pur
84,"Markatnagar, CDA 7","Madhabananda Temple, Niali",74,Panimala
84,"Markatnagar, CDA 7","Madhabananda Temple, Niali",75,Madhab G.P
84,"Markatnagar, CDA 7","Madhabananda Temple, Niali",76,Madhabananda High School
84,"Markatnagar, CDA 7","Madhabananda Temple, Niali",77,Madhabananda Temple
85,CNBT,Gadama,1,CNBT
85,CNBT,Gadama,2,Khannagar Traffic
85,CNBT,Gadama,3,Badambadi Square
85,CNBT,Gadama,4,Badambadi Bus Stand
85,CNBT,Gadama,5,Pala Mandap
85,CNBT,Gadama,6,Arundoya Market
85,CNBT,Gadama,7,Nishamani Talkies
85,CNBT,Gadama,8,Link Road
85,CNBT,Gadama,9,Samrat Cinema
85,CNBT,Gadama,10,OMP Square
85,CNBT,Gadama,11,Officer's Colony (Cuttack)
85,CNBT,Gadama,12,6th Batalion
85,CNBT,Gadama,13,Chauliaganj Durga Mandap
85,CNBT,Gadama,14,Madan Mohan Market
85,CNBT,Gadama,15,Nayabazar
85,CNBT,Gadama,16,Bidyadharpur
85,CNBT,Gadama,17,Ganesh Bazar (Bidyadharpur)
85,CNBT,Gadama,18,NRRI Main Gate
85,CNBT,Gadama,19,Keshab Dham Road
85,CNBT,Gadama,20,Gatiraut Patna
85,CNBT,Gadama,21,Matha Sahi Road
85,CNBT,Gadama,22,Biribati
85,CNBT,Gadama,23,Kshetrabasi ITI (Fakirpada)
85,CNBT,Gadama,24,Fakirpada
85,CNBT,Gadama,25,Keshpur
85,CNBT,Gadama,26,Kandarpur
85,CNBT,Gadama,27,Alarpur
85,CNBT,Gadama,28,Xavier College of Hotel Management
85,CNBT,Gadama,29,Kamarpada
85,CNBT,Gadama,30,Archhili
85,CNBT,Gadama,31,Ramkumarpur
85,CNBT,Gadama,32,Somepur
85,CNBT,Gadama,33,Talapada
85,CNBT,Gadama,34,Nanpur
85,CNBT,Gadama,35,Anantabalia Nursery
85,CNBT,Gadama,36,Gadama
86 UP,"CDA 9, Cuttack","DRIEMS, Tangi",1,CDA 9 Market Square
86 UP,"CDA 9, Cuttack","DRIEMS, Tangi",2,CDA 6 Park
86 UP,"CDA 9, Cuttack","DRIEMS, Tangi",3,Eye Hospital Square
86 UP,"CDA 9, Cuttack","DRIEMS, Tangi",4,Satichaura Square
86 UP,"CDA 9, Cuttack","DRIEMS, Tangi",5,Dagarpada Road
86 UP,"CDA 9, Cuttack","DRIEMS, Tangi",6,Judicial Academy
86 UP,"CDA 9, Cuttack","DRIEMS, Tangi",7,Sishu Bhawan
86 UP,"CDA 9, Cuttack","DRIEMS, Tangi",8,High Court Road
86 UP,"CDA 9, Cuttack","DRIEMS, Tangi",9,Cuttack Sai Temple
86 UP,"CDA 9, Cuttack","DRIEMS, Tangi",10,Puri Ghat Police Station
86 UP,"CDA 9, Cuttack","DRIEMS, Tangi",11,City College
86 UP,"CDA 9, Cuttack","DRIEMS, Tangi",12,CNBT
86 UP,"CDA 9, Cuttack","DRIEMS, Tangi",13,Badambadi Bus Stand
86 UP,"CDA 9, Cuttack","DRIEMS, Tangi",14,Pala Mandap
86 UP,"CDA 9, Cuttack","DRIEMS, Tangi",15,Arundoya Market
86 UP,"CDA 9, Cuttack","DRIEMS, Tangi",16,Nishamani Talkies
86 UP,"CDA 9, Cuttack","DRIEMS, Tangi",17,Link Road
86 UP,"CDA 9, Cuttack","DRIEMS, Tangi",18,Samrat Cinema
86 UP,"CDA 9, Cuttack","DRIEMS, Tangi",19,OMP Square
86 UP,"CDA 9, Cuttack","DRIEMS, Tangi",20,Cuttack Railway Station
86 UP,"CDA 9, Cuttack","DRIEMS, Tangi",21,Ravenshaw University
86 UP,"CDA 9, Cuttack","DRIEMS, Tangi",22,Clock Tower
86 UP,"CDA 9, Cuttack","DRIEMS, Tangi",23,Balaji Hospital
86 UP,"CDA 9, Cuttack","DRIEMS, Tangi",24,SCB Medical
86 UP,"CDA 9, Cuttack","DRIEMS, Tangi",25,Settlement Office
86 UP,"CDA 9, Cuttack","DRIEMS, Tangi",26,Jobra Anicut
86 UP,"CDA 9, Cuttack","DRIEMS, Tangi",27,Sikaripur
86 UP,"CDA 9, Cuttack","DRIEMS, Tangi",28,Pandasahi Road
86 UP,"CDA 9, Cuttack","DRIEMS, Tangi",29,Sai Sports Authority India
86 UP,"CDA 9, Cuttack","DRIEMS, Tangi",30,Laxmanpur
86 UP,"CDA 9, Cuttack","DRIEMS, Tangi",31,Birupa Vihar Square
86 UP,"CDA 9, Cuttack","DRIEMS, Tangi",32,Birupa Anicut
86 UP,"CDA 9, Cuttack","DRIEMS, Tangi",33,Kali Mandir Choudwar
86 UP,"CDA 9, Cuttack","DRIEMS, Tangi",34,Municipality Office Choudwar
86 UP,"CDA 9, Cuttack","DRIEMS, Tangi",35,Gandhi Chaka
86 UP,"CDA 9, Cuttack","DRIEMS, Tangi",36,Choudwar Womens College
86 UP,"CDA 9, Cuttack","DRIEMS, Tangi",37,Kalinga Bazar
86 UP,"CDA 9, Cuttack","DRIEMS, Tangi",38,OTM Staff Colony
86 UP,"CDA 9, Cuttack","DRIEMS, Tangi",39,OTM Labour Colony
86 UP,"CDA 9, Cuttack","DRIEMS, Tangi",40,Mundamala Chaka
86 UP,"CDA 9, Cuttack","DRIEMS, Tangi",41,Nuntikiri
86 UP,"CDA 9, Cuttack","DRIEMS, Tangi",42,Manguli
86 UP,"CDA 9, Cuttack","DRIEMS, Tangi",43,Nergundi
86 UP,"CDA 9, Cuttack","DRIEMS, Tangi",44,Harianta
86 UP,"CDA 9, Cuttack","DRIEMS, Tangi",45,Karanji
86 UP,"CDA 9, Cuttack","DRIEMS, Tangi",46,Odisha Adarsha Vidyalaya
86 UP,"CDA 9, Cuttack","DRIEMS, Tangi",47,Kandarkana
86 UP,"CDA 9, Cuttack","DRIEMS, Tangi",48,Sapanpur Road
86 UP,"CDA 9, Cuttack","DRIEMS, Tangi",49,Tangi
86 UP,"CDA 9, Cuttack","DRIEMS, Tangi",50,DRIEMS
87E,Judicial Academy,"Nuapada, Cuttack",1,Judicial Academy
87E,Judicial Academy,"Nuapada, Cuttack",2,Dagarpada Road
87E,Judicial Academy,"Nuapada, Cuttack",3,Satichaura Square
87E,Judicial Academy,"Nuapada, Cuttack",4,Krushak Bazar
87E,Judicial Academy,"Nuapada, Cuttack",5,Bidanasi
87E,Judicial Academy,"Nuapada, Cuttack",6,Chahata Nagar Lane 4
87E,Judicial Academy,"Nuapada, Cuttack",7,Chahata Ghata
87E,Judicial Academy,"Nuapada, Cuttack",8,Police Signal Training School
87E,Judicial Academy,"Nuapada, Cuttack",9,Srinivas Gada
87E,Judicial Academy,"Nuapada, Cuttack",10,Shifa Hospital
87E,Judicial Academy,"Nuapada, Cuttack",11,Deer Park
87E,Judicial Academy,"Nuapada, Cuttack",12,Baliyatra Ground
87E,Judicial Academy,"Nuapada, Cuttack",13,Barabati Stadium
87E,Judicial Academy,"Nuapada, Cuttack",14,Silver City Boat Club
87E,Judicial Academy,"Nuapada, Cuttack",15,Mata Matha
87E,Judicial Academy,"Nuapada, Cuttack",16,Professors Colony
87E,Judicial Academy,"Nuapada, Cuttack",17,Bose College
87E,Judicial Academy,"Nuapada, Cuttack",18,Odisha State Maritime Museum
87E,Judicial Academy,"Nuapada, Cuttack",19,Taladanda Bridge
87E,Judicial Academy,"Nuapada, Cuttack",20,Jobra Anicut
87E,Judicial Academy,"Nuapada, Cuttack",21,Settlement Office
87E,Judicial Academy,"Nuapada, Cuttack",22,SCB Medical
87E,Judicial Academy,"Nuapada, Cuttack",23,Balaji Hospital
87E,Judicial Academy,"Nuapada, Cuttack",24,Clock Tower
87E,Judicial Academy,"Nuapada, Cuttack",25,Ravenshaw University
87E,Judicial Academy,"Nuapada, Cuttack",26,Cuttack Railway Station
87E,Judicial Academy,"Nuapada, Cuttack",27,OMP Square
87E,Judicial Academy,"Nuapada, Cuttack",28,Front Gate Rail. Stn.
87E,Judicial Academy,"Nuapada, Cuttack",29,Gandarpur
87E,Judicial Academy,"Nuapada, Cuttack",30,Shikharpur
87E,Judicial Academy,"Nuapada, Cuttack",31,Bank Sqr (Mahanadi Vihar)
87E,Judicial Academy,"Nuapada, Cuttack",32,Bata Mangal Temple
87E,Judicial Academy,"Nuapada, Cuttack",33,Justice Chakk (Mahandi Vihar)
87E,Judicial Academy,"Nuapada, Cuttack",34,CDA Market Complex (Mahanadi Vihar)
87E,Judicial Academy,"Nuapada, Cuttack",35,Mahanadi Vihar
87E,Judicial Academy,"Nuapada, Cuttack",36,Chauliaganj Police Outpost
87E,Judicial Academy,"Nuapada, Cuttack",37,Block Office (Cuttack Sadar)
87E,Judicial Academy,"Nuapada, Cuttack",38,Goshala
87E,Judicial Academy,"Nuapada, Cuttack",39,Nuapada Durga Mandap
87E,Judicial Academy,"Nuapada, Cuttack",40,Darkhapatna Village Road
87E,Judicial Academy,"Nuapada, Cuttack",41,Nuapada Market
87E,Judicial Academy,"Nuapada, Cuttack",42,Industrial Estate Road
93,"Biju Patnaik Park, Cuttack",Bhubaneswar Railway Station,1,Biju Patnaik Park (Cuttack)
93,"Biju Patnaik Park, Cuttack",Bhubaneswar Railway Station,2,State Bank Square (CDA)
93,"Biju Patnaik Park, Cuttack",Bhubaneswar Railway Station,3,Justice Square
93,"Biju Patnaik Park, Cuttack",Bhubaneswar Railway Station,4,Saraswati Shisu Mandir
93,"Biju Patnaik Park, Cuttack",Bhubaneswar Railway Station,5,Raj Kishor Marg
93,"Biju Patnaik Park, Cuttack",Bhubaneswar Railway Station,6,CDA 9 Market Square
93,"Biju Patnaik Park, Cuttack",Bhubaneswar Railway Station,7,CDA 6 Park
93,"Biju Patnaik Park, Cuttack",Bhubaneswar Railway Station,8,Eye Hospital Square
93,"Biju Patnaik Park, Cuttack",Bhubaneswar Railway Station,9,Sati Choura Square
93,"Biju Patnaik Park, Cuttack",Bhubaneswar Railway Station,10,Dagarpada Road
93,"Biju Patnaik Park, Cuttack",Bhubaneswar Railway Station,11,Judicial Academy
93,"Biju Patnaik Park, Cuttack",Bhubaneswar Railway Station,12,Kunheipara
93,"Biju Patnaik Park, Cuttack",Bhubaneswar Railway Station,13,Trisulia Square
93,"Biju Patnaik Park, Cuttack",Bhubaneswar Railway Station,14,Mandakini Resorts
93,"Biju Patnaik Park, Cuttack",Bhubaneswar Railway Station,15,Madhuban
93,"Biju Patnaik Park, Cuttack",Bhubaneswar Railway Station,16,Bachhipur
93,"Biju Patnaik Park, Cuttack",Bhubaneswar Railway Station,17,Barang Police Station
93,"Biju Patnaik Park, Cuttack",Bhubaneswar Railway Station,18,Barang Square
93,"Biju Patnaik Park, Cuttack",Bhubaneswar Railway Station,19,Barang Sitaram Bazar
93,"Biju Patnaik Park, Cuttack",Bhubaneswar Railway Station,20,Jungle View
93,"Biju Patnaik Park, Cuttack",Bhubaneswar Railway Station,21,Orissa Diesel
93,"Biju Patnaik Park, Cuttack",Bhubaneswar Railway Station,22,Bhalunka Road
93,"Biju Patnaik Park, Cuttack",Bhubaneswar Railway Station,23,Jujhagada
93,"Biju Patnaik Park, Cuttack",Bhubaneswar Railway Station,24,Daruthenga School
93,"Biju Patnaik Park, Cuttack",Bhubaneswar Railway Station,25,Daruthenga
93,"Biju Patnaik Park, Cuttack",Bhubaneswar Railway Station,26,Shyamsundarpur
93,"Biju Patnaik Park, Cuttack",Bhubaneswar Railway Station,27,SOG
93,"Biju Patnaik Park, Cuttack",Bhubaneswar Railway Station,28,Chandaka College
93,"Biju Patnaik Park, Cuttack",Bhubaneswar Railway Station,29,Chandaka
93,"Biju Patnaik Park, Cuttack",Bhubaneswar Railway Station,30,Chandaka Market
93,"Biju Patnaik Park, Cuttack",Bhubaneswar Railway Station,31,Nalanda Institute of Technology
93,"Biju Patnaik Park, Cuttack",Bhubaneswar Railway Station,32,Kujimahal Square
93,"Biju Patnaik Park, Cuttack",Bhubaneswar Railway Station,33,Dalua Square
93,"Biju Patnaik Park, Cuttack",Bhubaneswar Railway Station,34,Bhola Square-ASBM
93,"Biju Patnaik Park, Cuttack",Bhubaneswar Railway Station,35,Godibari Village
93,"Biju Patnaik Park, Cuttack",Bhubaneswar Railway Station,36,Godibari Nature Camp
93,"Biju Patnaik Park, Cuttack",Bhubaneswar Railway Station,37,Sparsh Hospital
93,"Biju Patnaik Park, Cuttack",Bhubaneswar Railway Station,38,Kantabada Bazar
93,"Biju Patnaik Park, Cuttack",Bhubaneswar Railway Station,39,Kateni
93,"Biju Patnaik Park, Cuttack",Bhubaneswar Railway Station,40,Ablaze Homez
93,"Biju Patnaik Park, Cuttack",Bhubaneswar Railway Station,41,Ghangapatna Square
93,"Biju Patnaik Park, Cuttack",Bhubaneswar Railway Station,42,Tarini Temple (Ghangapatna)
93,"Biju Patnaik Park, Cuttack",Bhubaneswar Railway Station,43,ROTI
93,"Biju Patnaik Park, Cuttack",Bhubaneswar Railway Station,44,Paikarapur Road
93,"Biju Patnaik Park, Cuttack",Bhubaneswar Railway Station,45,IIIT Square
93,"Biju Patnaik Park, Cuttack",Bhubaneswar Railway Station,46,Gothapatna Square
93,"Biju Patnaik Park, Cuttack",Bhubaneswar Railway Station,47,RI Paikarapur
93,"Biju Patnaik Park, Cuttack",Bhubaneswar Railway Station,48,Malipada
93,"Biju Patnaik Park, Cuttack",Bhubaneswar Railway Station,49,Nuagan Square
93,"Biju Patnaik Park, Cuttack",Bhubaneswar Railway Station,50,Sum Hospital
93,"Biju Patnaik Park, Cuttack",Bhubaneswar Railway Station,51,Shyampur
93,"Biju Patnaik Park, Cuttack",Bhubaneswar Railway Station,52,Ayurveda College
93,"Biju Patnaik Park, Cuttack",Bhubaneswar Railway Station,53,Kalinga Studio Square
93,"Biju Patnaik Park, Cuttack",Bhubaneswar Railway Station,54,Agriculture Directorate
93,"Biju Patnaik Park, Cuttack",Bhubaneswar Railway Station,55,Jagannath Vihar
93,"Biju Patnaik Park, Cuttack",Bhubaneswar Railway Station,56,Rental Colony
93,"Biju Patnaik Park, Cuttack",Bhubaneswar Railway Station,57,CRPF KV
93,"Biju Patnaik Park, Cuttack",Bhubaneswar Railway Station,58,Fire Station Square
93,"Biju Patnaik Park, Cuttack",Bhubaneswar Railway Station,59,Vivekanand Hospital
93,"Biju Patnaik Park, Cuttack",Bhubaneswar Railway Station,60,Delta Square
93,"Biju Patnaik Park, Cuttack",Bhubaneswar Railway Station,61,Satabdi Nagar
93,"Biju Patnaik Park, Cuttack",Bhubaneswar Railway Station,62,City Womens College
93,"Biju Patnaik Park, Cuttack",Bhubaneswar Railway Station,63,QUAT Square
93,"Biju Patnaik Park, Cuttack",Bhubaneswar Railway Station,64,Siripur Market
93,"Biju Patnaik Park, Cuttack",Bhubaneswar Railway Station,65,Gopabandhu Square
93,"Biju Patnaik Park, Cuttack",Bhubaneswar Railway Station,66,Surya Nagar
93,"Biju Patnaik Park, Cuttack",Bhubaneswar Railway Station,67,Governor House Square
93,"Biju Patnaik Park, Cuttack",Bhubaneswar Railway Station,68,Bhubaneswar Club
93,"Biju Patnaik Park, Cuttack",Bhubaneswar Railway Station,69,AG Square
93,"Biju Patnaik Park, Cuttack",Bhubaneswar Railway Station,70,Unit 1 Haat
93,"Biju Patnaik Park, Cuttack",Bhubaneswar Railway Station,71,Raj Mahal Square
93,"Biju Patnaik Park, Cuttack",Bhubaneswar Railway Station,72,Ashok Nagar
93,"Biju Patnaik Park, Cuttack",Bhubaneswar Railway Station,73,Master Canteen
93,"Biju Patnaik Park, Cuttack",Bhubaneswar Railway Station,74,Bhubaneswar Railway Station
94,Baramunda BSABT,"SIEP, Jatni",1,Baramunda BSABT
94,Baramunda BSABT,"SIEP, Jatni",2,Rajdhani College
94,Baramunda BSABT,"SIEP, Jatni",3,Fire Station Square
94,Baramunda BSABT,"SIEP, Jatni",4,Baramunda BSABT
94,Baramunda BSABT,"SIEP, Jatni",5,Khandagiri Bypass
94,Baramunda BSABT,"SIEP, Jatni",6,Khandagiri Square
94,Baramunda BSABT,"SIEP, Jatni",7,Kolathia
94,Baramunda BSABT,"SIEP, Jatni",8,Aiginia
94,Baramunda BSABT,"SIEP, Jatni",9,Alu Godam
94,Baramunda BSABT,"SIEP, Jatni",10,Patrapada
94,Baramunda BSABT,"SIEP, Jatni",11,K9
94,Baramunda BSABT,"SIEP, Jatni",12,Janla Post Office
94,Baramunda BSABT,"SIEP, Jatni",13,Janla Medical
94,Baramunda BSABT,"SIEP, Jatni",14,Ogalapada
94,Baramunda BSABT,"SIEP, Jatni",15,Bhuasuni Temple
94,Baramunda BSABT,"SIEP, Jatni",16,Jatani Gate
94,Baramunda BSABT,"SIEP, Jatni",17,Gobindapur
94,Baramunda BSABT,"SIEP, Jatni",18,Royal Habitat
94,Baramunda BSABT,"SIEP, Jatni",19,Konark Institute of Science and Technology
94,Baramunda BSABT,"SIEP, Jatni",20,Sandhapur
94,Baramunda BSABT,"SIEP, Jatni",21,Mahulgudia Square
94,Baramunda BSABT,"SIEP, Jatni",22,Jatani Police Station 1
94,Baramunda BSABT,"SIEP, Jatni",23,Sitaram Chowk
94,Baramunda BSABT,"SIEP, Jatni",24,Khordha Road Station
94,Baramunda BSABT,"SIEP, Jatni",25,Sitaram Chowk 1
94,Baramunda BSABT,"SIEP, Jatni",26,Jatani Police Station 1
94,Baramunda BSABT,"SIEP, Jatni",27,Bachhara
94,Baramunda BSABT,"SIEP, Jatni",28,Bachhara Melan Padia
94,Baramunda BSABT,"SIEP, Jatni",29,Jagannathpur
94,Baramunda BSABT,"SIEP, Jatni",30,PWD ITI
94,Baramunda BSABT,"SIEP, Jatni",31,Centurion University of Technology and Management
94,Baramunda BSABT,"SIEP, Jatni",32,SIEP (Jatni)
94,Baramunda BSABT,"SIEP, Jatni",33,Jatani College
94,Baramunda BSABT,"SIEP, Jatni",34,Kalinga Vihar Square
94,Baramunda BSABT,"SIEP, Jatni",35,Tamando
94,Baramunda BSABT,"SIEP, Jatni",36,Prananath Government
94,Baramunda BSABT,"SIEP, Jatni",37,Bijipur
94,Baramunda BSABT,"SIEP, Jatni",38,Aditya Hyundai Tamando
94,Baramunda BSABT,"SIEP, Jatni",39,Gohiria Square
94,Baramunda BSABT,"SIEP, Jatni",40,Retang Road Square
94,Baramunda BSABT,"SIEP, Jatni",41,High School
94,Baramunda BSABT,"SIEP, Jatni",42,Community Health Centre Jatani
94,Baramunda BSABT,"SIEP, Jatni",43,Sophitorium
94,Baramunda BSABT,"SIEP, Jatni",44,Haribhaina Square
94,Baramunda BSABT,"SIEP, Jatni",45,Jatani Municipal Council
